covar_robust_1,covar_robust_2,covar_robust_3,covar_robust_4,covar_robust_5,covar_robust_6,covar_robust_7
0.00309334227771794,-0.0146915599436563,-0.116128231281863,-0.982010315539937,-0.129732726266565,0.766875376779967,-0.612650307953052
-0.0146915599436594,327.942112829095,-345.931527482531,69.7884326114396,-53.1205982252322,-8.99973660864845,-48.8498794936509
-0.116128231281852,-345.931527482531,1319.88998802344,-853.970948254306,-72.8258022545347,-42.3474432102457,-13.9333090470512
-0.982010315539945,69.7884326114384,-853.970948254302,1260.84657696664,-74.5765175303354,-307.687061156088,58.2770297806456
-0.129732726266566,-53.1205982252327,-72.8258022545333,-74.5765175303364,2081.18022356006,-2088.5738920227,413.646745859817
0.766875376779968,-8.99973660864099,-42.3474432102707,-307.687061156068,-2088.57389202268,7985.51027376858,-6185.56007383101
-0.612650307953052,-48.8498794936582,-13.933309047026,58.2770297806259,413.646745859799,-6185.56007383098,7273.32961912332
0.00169210739786617,0.0377304068327207,-0.0515674000575463,-0.816627435831657,-0.295102605638478,0.632016518711378,-0.0960654336644209
0.0377304068327221,412.361604284736,-391.120010651746,-10.2743146046946,-28.0889056127688,77.7055863909233,-88.1782108352478
-0.0515674000575479,-391.120010651746,1411.70336342718,-796.010380896985,-42.7352352788737,-236.822772247559,39.4015122939154
-0.816627435831657,-10.2743146046942,-796.010380896985,1518.01109729487,71.8209805552454,-570.776626709745,-23.1363422845172
-0.295102605638479,-28.088905612767,-42.7352352788775,71.8209805552471,461.004960576953,-1078.79839065838,600.442924934122
0.632016518711388,77.7055863909166,-236.822772247539,-570.776626709758,-1078.79839065838,6155.13428744388,-4869.34078512148
-0.0960654336644313,-88.1782108352418,39.4015122938956,-23.1363422845027,600.442924934123,-4869.34078512147,5472.8126004226
0.00149424913679303,-0.0360498541497834,-0.105734956714881,-0.602524741774586,-0.059359922018873,-0.216471684238687,0.280888779414311
-0.0360498541497816,398.002173579435,-333.432966318403,-21.7430126696304,27.4404692207674,-55.3374916756249,13.6660434025984
-0.105734956714884,-333.432966318402,1143.54705677022,-554.759017426314,-46.0134246700314,-105.493138623643,-76.9347364923423
-0.602524741774585,-21.7430126696293,-554.759017426315,1279.03335601373,-33.0338485535497,-129.400883143633,-376.988950038866
-0.0593599220188723,27.4404692207679,-46.0134246700332,-33.0338485535491,417.52432113498,-562.209467653474,229.850286337865
-0.21647168423869,-55.3374916756263,-105.493138623643,-129.40088314363,-562.209467653473,2218.15598473318,-1604.02854200586
0.280888779414315,13.6660434025976,-76.9347364923362,-376.988950038873,229.850286337864,-1604.02854200586,2506.13717957819
0.00219299296215906,0.0633822305109928,-0.299813047554503,-0.751308915722011,0.000597431795917565,-0.773599418706501,0.678515403266977
0.0633822305109911,426.104377150015,-411.065325004659,44.0646103240254,-5.84455044052521,-32.0231552976962,-77.6883462041332
-0.2998130475545,-411.065325004662,1819.61973741767,-938.203666938885,13.0995885046545,-217.684468464976,-97.2927578583787
-0.751308915722012,44.0646103240278,-938.203666938885,1755.67061308202,60.4372219959383,-70.6836887951704,-598.250547891893
0.000597431795918614,-5.84455044052426,13.0995885046535,60.4372219959375,514.476136969739,-520.840828889036,-85.6413107425996
-0.773599418706503,-32.0231552976995,-217.68446846497,-70.683688795171,-520.840828889034,2184.74639625161,-1410.8387784126
0.678515403266977,-77.6883462041301,-97.2927578583893,-598.250547891888,-85.6413107426031,-1410.83877841259,2914.20498724239
0.00178660672098678,-0.0714730176124749,-0.397141606357877,-0.413745941796702,-0.101752980576288,-0.566697341244619,0.650705345512576
-0.0714730176124749,533.574461296033,-333.877071419778,101.623586510618,162.044717582539,-240.689387799317,-164.544759252979
-0.397141606357881,-333.877071419779,1925.9696560734,-1075.92945966518,-65.8469063289879,-39.0722183192328,-148.747895706548
-0.413745941796698,101.62358651062,-1075.92945966518,1504.60251105864,9.18228060979451,42.3297416792046,-446.370767986468
-0.101752980576288,162.04471758254,-65.8469063289851,9.18228060979182,598.468285411601,-429.562122435172,-178.455942520437
-0.566697341244617,-240.689387799317,-39.0722183192431,42.3297416792138,-429.56212243517,1446.26344030217,-922.355303840319
0.650705345512572,-164.544759252979,-148.74789570654,-446.370767986474,-178.455942520439,-922.355303840316,2191.25001267552
0.000907279425831778,0.0350798769740986,0.011891396160311,-0.510413158851507,0.0155858071749404,-0.289078256390118,0.245195166481766
0.0350798769741004,394.090657841502,-278.971458062809,-77.2251661022312,-5.07894048353916,-36.2104877194234,-4.2276509134916
0.0118913961603046,-278.97145806281,1649.72740391507,-965.321606136238,-41.1049528332059,-69.2339713366936,-317.926424373259
-0.510413158851501,-77.2251661022285,-965.321606136246,1932.43224186723,-123.884559014258,235.311869885059,-889.189352057124
0.0155858071749425,-5.07894048353968,-41.1049528332013,-123.884559014264,492.799578784479,-255.736721851397,-11.8435472964103
-0.289078256390121,-36.2104877194212,-69.2339713367024,235.31186988507,-255.736721851397,715.170216566076,-748.902485451535
0.245195166481767,-4.22765091349482,-317.926424373248,-889.189352057136,-11.8435472964113,-748.902485451531,2517.52437930601
0.00123575761102541,0.106853939953194,-0.251396663334409,-0.634649646431039,0.103605570742537,-0.59917359654314,0.676273303606988
0.106853939953195,364.393845572752,-377.262288796208,42.8204036097895,51.6064345142222,-61.4949340035482,-110.154831074153
-0.251396663334409,-377.262288796207,1530.1049253023,-716.086464890302,-83.1193530478917,165.773814233798,-444.094169793481
-0.634649646431037,42.8204036097903,-716.086464890303,1420.80105268393,-68.5253573578624,93.6463393919856,-494.33536960655
0.103605570742537,51.6064345142216,-83.1193530478896,-68.5253573578648,613.232526854375,-393.18257436649,-144.174317480915
-0.599173596543145,-61.4949340035464,165.773814233797,93.6463393919902,-393.182574366491,1379.41983956096,-1167.27990570972
0.676273303606991,-110.154831074155,-444.094169793481,-494.335369606552,-144.174317480914,-1167.27990570972,2567.78018408833
0.00154559345146923,0.298436220836432,-0.363206751702128,-0.711123908203191,-0.0809045280189443,-0.521775822024263,0.340918561538997
0.298436220836431,539.17368069564,-460.383302271535,-121.104532751725,62.494556229996,-183.336273688345,-32.222229438046
-0.363206751702127,-460.383302271536,1679.20391099371,-906.903860089292,105.797261566283,228.450791876425,-474.357518169812
-0.711123908203194,-121.104532751725,-906.903860089296,1902.68702818019,-115.839700580547,-42.5456153668972,-186.841777066017
-0.0809045280189438,62.4945562299967,105.79726156628,-115.839700580543,375.677611794083,-256.614401574121,-127.119177104038
-0.521775822024265,-183.336273688349,228.450791876435,-42.545615366906,-256.614401574119,1754.18813100197,-1441.41638940023
0.340918561539002,-32.2222294380423,-474.357518169816,-186.841777066017,-127.119177104039,-1441.41638940023,2456.75093724332
0.000949494357967492,0.10255600433787,0.11207764965488,-0.416487632781721,-0.137849652120551,0.0149535602203483,-0.425592595906269
0.10255600433787,506.287376888353,-362.885604388293,-49.3372041676866,-88.463570492161,167.664385893034,-276.220143415534
0.112077649654882,-362.885604388292,1859.11178882071,-826.078878579942,71.4246581142415,3.24427076242463,-836.58646461993
-0.41648763278172,-49.3372041676857,-826.078878579943,1332.91336772868,-49.3860546672022,134.279075986228,-243.541838361874
-0.137849652120551,-88.4635704921611,71.4246581142398,-49.3860546672029,761.948412701594,-525.931779949331,-5.55416974166604
0.0149535602203507,167.664385893037,3.24427076242243,134.279075986228,-525.931779949327,1726.5818965792,-1773.09674738452
-0.425592595906274,-276.220143415539,-836.586464619922,-243.541838361872,-5.5541697416725,-1773.09674738451,3792.88248412157
0.000642441028116966,-0.0736975783016316,0.0461317660809757,-0.241399634813982,-0.0832925080764915,-0.164544449651603,0.0108994241478986
-0.0736975783016323,429.388391871728,-397.993068833004,21.7565619720003,85.6656049350857,-5.97199877893779,-64.6036292172997
0.0461317660809791,-397.993068833006,1490.16359007072,-757.423891355986,-90.8752035228859,82.6780324822332,-362.355943641689
-0.241399634813983,21.7565619719995,-757.423891355979,1517.67944584699,-84.9741874658407,8.56843368026948,-492.804090213097
-0.0832925080764919,85.6656049350863,-90.8752035228876,-84.9741874658394,752.013829925483,-625.329002762804,110.222628828524
-0.164544449651602,-5.97199877893841,82.6780324822383,8.568433680269,-625.329002762806,1651.18735509315,-1141.64267406912
0.0108994241478964,-64.6036292172977,-362.355943641699,-492.804090213093,110.222628828526,-1141.64267406912,2031.96010313863
0.000907632195044311,0.0267535892139967,0.127468377971417,-0.639297377004924,-0.0979481944545906,-0.121474642305388,-0.0516014597621305
0.0267535892139973,509.610421600747,-319.169982430248,0.649726871726004,165.82281894467,-7.82300665648903,-331.224379744423
0.127468377971415,-319.169982430251,1296.39170150705,-718.581219758199,-118.909615842296,47.2935272258843,-270.26429190215
-0.639297377004923,0.649726871729228,-718.581219758203,1522.36334752027,-15.6760656763766,-66.5613671748801,-150.075927180933
-0.0979481944545906,165.822818944671,-118.909615842295,-15.6760656763777,910.826847621708,-448.152760065199,-323.3281468153
-0.121474642305388,-7.82300665649169,47.2935272258915,-66.5613671748843,-448.152760065201,1622.56514003767,-1146.1278731848
-0.05160145976213,-331.224379744422,-270.264291902159,-150.075927180927,-323.328146815297,-1146.1278731848,2218.82048066705
0.000648351203297841,-0.142627869290099,0.12828484875767,-0.0788615801444727,0.0501723836454089,-0.153639497161058,-0.310452368880837
-0.142627869290099,490.144890926073,-213.380208270379,-194.025647540561,-12.042415718794,134.770053707027,-84.60406891185
0.128284848757671,-213.380208270378,1244.79155957469,-632.621908076398,-18.4655120419663,-37.6281587203549,-386.667588032106
-0.0788615801444731,-194.02564754056,-632.621908076403,1548.8741549579,-33.4676031091446,168.442296950881,-722.500347461034
0.0501723836454079,-12.0424157187952,-18.4655120419648,-33.4676031091447,566.111255477676,-564.696995769345,82.1286236136316
-0.153639497161056,134.770053707029,-37.6281587203634,168.44229695089,-564.696995769343,1872.79656307453,-1461.30684568439
-0.310452368880838,-84.6040689118529,-386.667588032093,-722.500347461047,82.128623613629,-1461.30684568438,2674.09727418414
0.000633141746679879,-0.00743727995926437,-0.147611816624401,-0.0558548517699291,-0.0394995794855617,-0.14333174871492,-0.133851760591304
-0.00743727995926433,367.518011367834,-412.369783383093,127.145486465137,14.6287830708092,46.7243541680514,-118.412524127669
-0.147611816624402,-412.369783383094,2214.49048540478,-1400.3322729065,-37.4553047711751,-139.405080420532,-73.1503336860068
-0.0558548517699289,127.145486465137,-1400.33227290649,1887.3160843004,-102.334648955011,-38.8896479077398,-373.856514336098
-0.0394995794855611,14.6287830708096,-37.4553047711725,-102.334648955014,913.042154411468,-506.537527098607,-158.334771515426
-0.143331748714924,46.7243541680484,-139.405080420531,-38.8896479077349,-506.537527098612,2056.93613034516,-1220.72227552451
-0.1338517605913,-118.412524127665,-73.150333686016,-373.856514336095,-158.334771515422,-1220.72227552452,1846.75090975928
0.000682112462255977,0.0415124648188294,-0.104380219993836,-0.0928334646594458,-0.0193052150825423,0.0375992812554717,-0.410999887955504
0.0415124648188294,369.141943863167,-436.680188562044,107.244432076019,24.0883902026357,-55.2387127337427,-34.1742472740158
-0.104380219993836,-436.680188562045,2036.6156445071,-1297.24978632978,-129.206420167417,206.383875129629,-226.554385051308
-0.0928334646594454,107.244432076019,-1297.24978632978,2012.49550931331,16.6036822244237,-388.651003304074,-275.467659452349
-0.0193052150825423,24.088390202637,-129.206420167421,16.6036822244261,699.804178501657,-335.427455905553,-201.331218395762
0.037599281255471,-55.238712733744,206.383875129643,-388.651003304085,-335.427455905554,1952.98916499041,-1262.30826896849
-0.410999887955504,-34.1742472740153,-226.554385051318,-275.467659452342,-201.331218395762,-1262.30826896849,2030.29800478075
0.000572598100708968,0.00086409685703949,0.0152857398067258,-0.177787472653382,0.0847535540041119,-0.357384554619141,-0.0692761277641483
0.000864096857040381,391.277262999252,-444.197733694172,200.48730317746,23.4055054989139,112.856968374865,-227.592060810566
0.0152857398067235,-444.197733694172,1967.92529177068,-1183.13656253831,-59.8779355984908,-92.0394455353245,-153.442703791318
-0.177787472653379,200.48730317746,-1183.13656253831,1601.29185224914,159.154582683122,-339.099282909799,-193.941892567948
0.0847535540041135,23.4055054989156,-59.8779355984913,159.15458268312,936.672731547303,-1135.64862538293,62.0174443687946
-0.357384554619144,112.85696837486,-92.0394455353196,-339.099282909797,-1135.64862538294,3711.985521021,-1686.65239764308
-0.0692761277641487,-227.592060810562,-153.442703791325,-193.941892567945,62.0174443688002,-1686.65239764309,1868.80548098469
0.000547249998548605,0.0587639635915067,-0.0059810418624522,-0.0142888686307777,-0.0874228805877138,0.146944220757557,-0.489123416294918
0.0587639635915069,459.756665456902,-447.272003610994,148.810529947021,-29.0619225137605,36.3580641835184,-170.601565926932
-0.0059810418624526,-447.272003610995,1438.41260061326,-787.740065592827,-57.60068774496,-30.9056196963445,-81.9849625847595
-0.0142888686307773,148.810529947023,-787.740065592829,1220.85902589093,-30.774811734265,147.364352259927,-545.143169613276
-0.0874228805877131,-29.0619225137605,-57.600687744961,-30.7748117342631,772.97099590921,-699.008444775036,134.039406417221
0.146944220757557,36.3580641835215,-30.9056196963467,147.364352259928,-699.008444775034,2114.11632346944,-1407.84910672077
-0.489123416294919,-170.601565926936,-81.984962584756,-545.143169613277,134.039406417221,-1407.84910672077,2037.88681152471
0.00040740446542641,-0.0423930704071453,0.0695124908051548,-0.20285572309298,0.0187909941631289,0.00995546491543688,-0.201571084510523
-0.0423930704071464,498.559056700532,-324.83792801635,15.6794001464018,-24.6943160525797,-42.4984235330542,-51.8099807441753
0.0695124908051575,-324.837928016348,1442.27984404969,-781.216935057636,31.9492889932827,-94.384500997529,-246.934945731243
-0.202855723092982,15.6794001464017,-781.216935057636,1385.52992475858,28.9664873317158,-87.0560716844853,-256.378080401875
0.018790994163129,-24.6943160525798,31.9492889932827,28.9664873317155,708.490324273302,-619.333277180853,-81.8585247706204
0.00995546491543656,-42.4984235330505,-94.3845009975342,-87.0560716844829,-619.333277180855,2004.21885255872,-945.753556032813
-0.201571084510523,-51.80998074418,-246.934945731236,-256.378080401878,-81.858524770619,-945.753556032814,1370.87981196757
0.000732976724122613,0.0855024537772738,-0.308883463737908,-0.0597411075171771,-0.0432804935514138,0.476999124250198,-0.686427850874849
0.0855024537772739,753.797300266305,-901.370931292024,346.393636488063,91.1255030613718,-325.514413945894,-17.7371472596539
-0.308883463737905,-901.370931292024,2504.01197393324,-1492.50536978216,-121.046984163741,7.43791261142796,238.391485435428
-0.0597411075171813,346.39363648806,-1492.50536978215,1828.04509417881,32.4827991692421,-155.128316280219,-363.069454712699
-0.043280493551412,91.1255030613737,-121.046984163742,32.4827991692419,870.515225850367,-707.815986487097,-51.9543760183456
0.476999124250193,-325.514413945902,7.4379126114356,-155.128316280222,-707.8159864871,2722.29789228084,-1598.89143236804
-0.686427850874846,-17.7371472596468,238.391485435421,-363.069454712698,-51.9543760183417,-1598.89143236804,1903.76870560849
0.000686783388771585,0.0811726303884293,-0.17073005351932,-0.107692464697512,-0.0185947608044394,0.316448868915501,-0.594009916802361
0.08117263038843,500.54861059848,-401.405880499255,87.4073487183472,76.5531528009883,-3.60351767215388,-241.180631267623
-0.170730053519324,-401.405880499257,1433.45889295787,-857.524274359211,10.4330350687153,-13.4038738572633,2.54141592057333
-0.107692464697508,87.4073487183501,-857.524274359213,1580.64430358786,-217.066759889155,17.5081398843499,-395.805528309453
-0.0185947608044391,76.5531528009892,10.4330350687153,-217.066759889155,1262.97330085297,-1030.97475781002,3.47859913944768
0.316448868915504,-3.60351767215463,-13.4038738572588,17.5081398843446,-1030.97475781002,2784.6561350121,-1609.75564538398
-0.594009916802365,-241.180631267623,2.54141592056741,-395.805528309445,3.47859913944769,-1609.75564538398,2144.50152208928
0.000716294452088074,-0.17481218096357,-0.560574464864516,0.46798728199027,0.226333947487431,0.134080421213152,-0.614496797589372
-0.174812180963571,524.427777651006,-261.011220113363,-235.069115198706,-210.552935856016,-59.9377945904618,316.883410233462
-0.560574464864516,-261.011220113362,2408.06687058392,-1334.20977622842,-225.639522609363,-175.115576232935,131.989166757385
0.46798728199027,-235.069115198707,-1334.20977622842,1679.17989180705,407.407224523532,-74.9792014664969,-688.641511416591
0.226333947487433,-210.552935856016,-225.639522609365,407.407224523533,868.755399700534,-548.797881129897,-383.520880384241
0.134080421213151,-59.9377945904621,-175.115576232936,-74.9792014664935,-548.7978811299,1952.29501813963,-903.908814000289
-0.614496797589372,316.883410233462,131.989166757387,-688.641511416594,-383.520880384238,-903.908814000291,1597.96407391648
0.000545261426935122,0.00970355621801576,0.0225577651939462,-0.0850101415301654,0.121561280380955,-0.144477869599397,-0.348653454973551
0.00970355621801644,381.691716360522,-198.008347961849,-68.7017506295321,-105.01180175532,38.2174718715902,-42.1763422453463
0.0225577651939427,-198.00834796185,1476.59086720099,-964.005927989145,-63.7733003443987,-74.6266252616558,-130.942804032753
-0.0850101415301634,-68.7017506295318,-964.005927989145,1766.17849937692,-525.066141787478,280.517775813937,-297.358413507716
0.121561280380953,-105.011801755319,-63.7733003444031,-525.066141787474,3029.22982815057,-1949.38620208364,-271.615407627681
-0.144477869599392,38.2174718715872,-74.6266252616389,280.517775813932,-1949.38620208365,2803.42108816541,-754.780176899269
-0.348653454973552,-42.1763422453439,-130.942804032765,-297.358413507714,-271.615407627677,-754.780176899264,1332.35383565667
0.000441604724721184,-0.075716149796958,0.133069986606707,-0.258718726858254,0.0397825290069677,0.261414824944257,-0.439082239066741
-0.0757161497969578,381.434282125163,-227.461799203484,86.4043449105934,-223.070518399532,-81.774285844513,111.018637548425
0.133069986606707,-227.461799203484,1299.66729347608,-624.613882160464,-189.594519539084,-47.5991459763896,-273.566629868771
-0.258718726858255,86.4043449105936,-624.613882160464,1467.88235877782,-179.471270833962,-81.38542377742,-293.406537643423
0.0397825290069688,-223.070518399532,-189.594519539083,-179.471270833964,2297.65070874137,-522.050338213314,-850.497292385614
0.261414824944253,-81.7742858445121,-47.5991459763942,-81.3854237774109,-522.050338213327,1851.87131896346,-1099.60734541761
-0.439082239066738,111.018637548424,-273.566629868768,-293.40653764343,-850.497292385604,-1099.60734541762,2174.98422505195
0.000334232964441128,0.0219638898311631,0.156026268616666,-0.33898842521399,0.0197035321543137,0.0281771040177346,-0.193187238863238
0.0219638898311629,302.843533271256,-243.248076260625,-46.1725077373523,41.0660384918108,-122.399933284292,36.6099842076266
0.156026268616666,-243.248076260624,1222.55252739316,-605.887494099751,39.2147534954379,-58.9609874965228,-395.538432827074
-0.338988425213991,-46.1725077373517,-605.887494099752,1199.32198859526,-137.589831475169,82.1600961819284,-88.8964111218364
0.0197035321543135,41.0660384918097,39.2147534954402,-137.589831475171,829.916793223372,-789.656300755148,27.7578101741299
0.0281771040177331,-122.39993328429,-58.9609874965302,82.1600961819379,-789.65630075515,2560.94421490727,-1366.94218541781
-0.193187238863236,36.6099842076247,-395.538432827069,-88.8964111218429,27.7578101741308,-1366.94218541781,1564.32801764061
0.000444305498351317,0.083126944982958,-0.437204451059941,0.446494022502865,0.026756158021683,-0.0251969860033108,-0.463487899096997
0.0831269449829581,525.014996256577,-444.6244783237,124.971468791452,-26.4116667033688,202.567066211938,-369.866194226933
-0.437204451059941,-444.624478323699,2366.91211250589,-2091.74610415091,-65.512645637991,62.1180708528696,531.207260453641
0.446494022502864,124.971468791452,-2091.74610415091,2868.83245955622,17.1921319795461,-207.931496755102,-955.692148801278
0.0267561580216826,-26.4116667033693,-65.5126456379869,17.1921319795446,573.125023737916,-545.474592226879,39.170548912279
-0.02519698600331,202.567066211939,62.1180708528657,-207.931496755105,-545.474592226882,1893.72548398131,-1125.92102248817
-0.463487899096998,-369.866194226933,531.207260453642,-955.692148801275,39.1705489122832,-1125.92102248817,1909.88594155997
0.000357667040831622,-0.0221933951994056,0.017592482890586,-0.177468703514554,-0.0146904360643332,-0.147262742901201,-0.0442154425772965
-0.0221933951994057,428.800458779728,-370.253944529829,-46.0624691957051,114.062996215042,194.300715288794,-237.70513750012
0.0175924828905866,-370.253944529829,1501.28884922773,-823.182667627576,-29.827190472332,-242.245211444279,-41.5579337567219
-0.177468703514554,-46.0624691957052,-823.182667627577,1538.89251110517,-108.614582223951,-187.386632168808,-149.47743493695
-0.0146904360643343,114.062996215041,-29.8271904723299,-108.614582223949,644.733869903382,-470.971310975558,-82.8113556972074
-0.147262742901198,194.3007152888,-242.245211444291,-187.386632168807,-470.971310975557,3011.96602570924,-1728.37688810105
-0.0442154425772982,-237.705137500124,-41.5579337567119,-149.477434936954,-82.8113556972073,-1728.37688810106,1850.09771520248
0.000330216555569939,-0.0711071913257935,0.0699539992918465,-0.0554478429820044,-0.057709434286894,-0.0746398129851729,-0.152535875573636
-0.0711071913257934,365.14059996359,-310.334526298507,-39.7254311547332,-45.9190329772937,71.0698406091288,36.8902740129491
0.069953999291846,-310.334526298508,1131.82475021665,-428.472099922303,-67.4437801578758,-103.33344875138,-238.789926995555
-0.0554478429820043,-39.7254311547335,-428.472099922301,1269.4163764869,-74.4570339107839,-185.451491003271,-385.961530785247
-0.0577094342868938,-45.9190329772943,-67.4437801578728,-74.4570339107856,802.389841343926,-590.779566653955,33.778124912877
-0.0746398129851747,71.0698406091273,-103.333448751377,-185.451491003277,-590.779566653954,3120.46351651872,-1828.17718957842
-0.152535875573635,36.8902740129517,-238.789926995562,-385.961530785239,33.778124912877,-1828.17718957842,2103.52305340225
0.000409116281801891,0.000427754325264617,-0.0244545848653783,-0.16367956683761,-0.0138241908239821,-0.0479793840273679,-0.191913542753677
0.000427754325264277,459.932249830049,-348.433691915762,35.3221795554426,-45.9623621575204,-32.1293881039275,-53.7933627392532
-0.024454584865378,-348.433691915761,1633.55794355253,-1010.67102141804,62.0770249269167,-169.842594691867,-102.150959937538
-0.16367956683761,35.3221795554426,-1010.67102141804,1671.99531487508,-179.662768874721,227.706910709692,-434.29416211616
-0.0138241908239828,-45.9623621575196,62.0770249269147,-179.662768874721,755.659483060346,-399.534430332747,-126.203495051159
-0.0479793840273663,-32.1293881039281,-169.842594691865,227.706910709696,-399.534430332747,2762.34968390174,-1955.14052567459
-0.191913542753677,-53.7933627392544,-102.150959937537,-434.294162116163,-126.203495051161,-1955.14052567458,2393.43380089666
0.000299491410147672,-0.0119225238752822,0.0280615418290153,-0.109419233760398,0.0748793975729568,-0.0773432431434687,-0.210624859440296
-0.0119225238752822,380.11251957988,-313.648610983584,49.1214516494429,17.8288337386185,-118.055750266788,1.73259068208018
0.0280615418290152,-313.648610983584,1358.26071654976,-789.77935965228,84.9761731585555,-116.402683518114,-194.093982707602
-0.109419233760398,49.1214516494427,-789.77935965228,1482.55784222362,110.139695338122,-190.286735206397,-425.945907245519
0.0748793975729568,17.8288337386187,84.976173158555,110.139695338123,689.611789521599,-930.894590788108,-4.67843259124632
-0.0773432431434686,-118.055750266788,-116.402683518112,-190.286735206399,-930.894590788108,2812.69011190187,-1205.2928938268
-0.210624859440296,1.73259068208047,-194.093982707603,-425.945907245518,-4.67843259124619,-1205.2928938268,1735.45864645833
0.000443685833133509,0.0457674291164459,-0.173342598252608,-0.0546276931460424,-0.104386766854374,-0.272743958811209,0.01141412906709
0.0457674291164457,531.346353667755,-308.342118436896,154.96113462963,201.116376190386,-190.860674656452,-340.422420856281
-0.173342598252608,-308.342118436895,1356.6127765816,-644.516349407502,141.863666233633,-7.01864126152361,-239.889777350191
-0.0546276931460433,154.961134629629,-644.516349407505,1316.32627304835,156.632831966803,-199.461744642152,-579.51988209373
-0.104386766854374,201.116376190388,141.863666233632,156.632831966806,902.413195833583,-706.717988019419,-399.710726437194
-0.272743958811211,-190.860674656457,-7.01864126153102,-199.461744642151,-706.717988019426,2990.2440601772,-1374.59020955827
0.0114141290670931,-340.42242085628,-239.88977735018,-579.519882093738,-399.710726437185,-1374.59020955829,2404.0371682809
0.000455212663841643,-0.0277239396799872,0.048804050186069,0.0580260622669579,-0.0890405325190503,-0.0292868897731037,-0.44730480266191
-0.0277239396799866,426.534059520117,-354.058607475053,-72.3540063873923,-37.1314594602866,-144.35716934975,178.312050989687
0.0488040501860678,-354.058607475054,1373.35790814136,-614.541702421462,120.110258530031,156.659559763827,-607.701262094974
0.0580260622669568,-72.3540063873933,-614.541702421461,1796.30628817723,359.655652380079,-190.613809431607,-1092.48909220908
-0.0890405325190508,-37.1314594602871,120.110258530031,359.655652380078,1272.61442978573,-802.416287584811,-590.013550698607
-0.0292868897731067,-144.357169349753,156.659559763829,-190.613809431606,-802.41628758481,3554.26029950937,-2176.08494840816
-0.447304802661905,178.312050989692,-607.701262094979,-1092.48909220908,-590.013550698609,-2176.08494840816,4025.21449533284
0.000405932531346586,-0.0418129024938352,0.205093874214529,-0.354565702589406,-0.0411781160350692,-0.0231035445278089,-0.222063677019179
-0.0418129024938348,388.201161307773,-329.678978268851,-16.3696540144122,4.30648586476585,-120.061367406656,112.645637846734
0.205093874214528,-329.67897826885,1695.33097177913,-1024.30639233772,-107.619374406814,155.618951891079,-574.278549896113
-0.354565702589404,-16.3696540144145,-1024.30639233771,1754.2682717447,153.941215947643,65.998564521173,-412.242892773491
-0.0411781160350692,4.30648586476612,-107.619374406818,153.941215947645,765.755876126163,-593.414725942149,-119.056779537093
-0.0231035445278089,-120.06136740666,155.618951891094,65.9985645211645,-593.414725942149,2849.921955946,-1988.95329132905
-0.222063677019179,112.645637846739,-574.278549896128,-412.242892773483,-119.056779537094,-1988.95329132905,2805.27957402933
0.000292546709674358,0.00315614591047816,0.116927625789239,-0.0690822964283949,-0.0760123229632412,0.187865145902279,-0.445854601715674
0.00315614591047803,374.716019969633,-386.698543218977,10.544149307887,71.0252302294368,-199.043218069047,106.109011679286
0.11692762578924,-386.698543218978,1559.39921899642,-617.112500893939,-270.020194590554,528.14601950254,-819.877081460123
-0.0690822964283951,10.5441493078877,-617.11250089394,1274.58483013622,-123.450759403572,120.604257144587,-481.000579332813
-0.0760123229632411,71.0252302294358,-270.020194590548,-123.450759403576,919.757176532563,-1260.67098904666,643.294922387804
0.187865145902279,-199.043218069043,528.146019502519,120.604257144598,-1260.67098904666,4283.3027448972,-3136.01076915929
-0.445854601715674,106.109011679284,-819.877081460109,-481.00057933282,643.294922387804,-3136.0107691593,3615.69545354912
0.000379742137769952,-0.0202837411368981,-0.00233817101977038,-0.0912921547196237,-0.037053479830149,-0.201324046775247,-0.119364459779462
-0.0202837411368981,382.633460996551,-450.812134357031,70.1627111824317,-8.72440506099993,143.347826932219,-108.242623300788
-0.00233817101977032,-450.812134357031,1639.97934848537,-833.983762046907,-74.2493157568386,-436.739902172257,178.382100743642
-0.0912921547196237,70.1627111824321,-833.983762046907,1507.45487503831,-46.6310097558612,40.9081760073787,-511.914018678391
-0.0370534798301493,-8.72440506099965,-74.2493157568389,-46.6310097558619,759.113337551721,-421.749522701253,-119.622920075168
-0.201324046775246,143.347826932215,-436.73990217225,40.9081760073793,-421.749522701251,2860.56450961802,-1677.91730907595
-0.119364459779463,-108.242623300785,178.382100743637,-511.914018678391,-119.622920075171,-1677.91730907594,2046.9310980781
0.000375867847378363,0.105359473936872,-0.196427967657893,0.196109316307699,0.0968421424351991,-0.275127039706152,-0.359171634225973
0.105359473936872,759.516183116535,-976.016082851013,595.112689540256,-154.915866858526,59.9404184547309,-363.961501075892
-0.196427967657891,-976.016082851012,2824.70038502914,-1693.1648510505,-267.558737819942,-157.093446559164,460.332267793758
0.196109316307697,595.112689540256,-1693.1648510505,2126.95312486992,100.616257959325,-206.144182505676,-1008.55177389598
0.0968421424352,-154.915866858524,-267.558737819948,100.616257959331,1276.30560334607,-833.030451230968,-163.897364964632
-0.275127039706156,59.9404184547282,-157.093446559154,-206.144182505682,-833.030451230971,3668.71276803197,-1870.44247970044
-0.359171634225969,-363.961501075893,460.332267793759,-1008.55177389598,-163.897364964627,-1870.44247970045,2912.8577238183
0.000288691848760856,-0.0925113356248879,0.127966613623472,-0.155826486808977,-0.0068458693880271,-0.122094403860891,-0.114694450170115
-0.0925113356248881,415.694313681317,-308.488756871242,-26.0990666388059,-11.5806953528148,134.589479152436,-64.7974595558141
0.127966613623472,-308.488756871244,1740.69668451159,-1052.49663909348,-219.454076245352,-267.194862310303,-44.7236590262902
-0.155826486808977,-26.0990666388053,-1052.49663909348,1714.12063790838,72.8138495779721,60.673081954614,-468.75605815004
-0.00684586938802681,-11.5806953528144,-219.454076245351,72.8138495779731,861.823431049551,-444.489010879665,-188.537883338627
-0.122094403860891,134.589479152437,-267.194862310302,60.6730819546132,-444.489010879669,2242.71405229488,-1370.7949243831
-0.114694450170114,-64.7974595558145,-44.7236590262934,-468.756058150038,-188.537883338622,-1370.7949243831,1969.63277920947
0.000285011419949267,-0.0591916902399022,0.159535621303966,-0.207963041204011,0.0334070722055475,-0.215644069080393,-0.0811629277415845
-0.0591916902399021,739.666061941506,-810.97003655964,163.804813746742,-99.3520854585852,123.069846510389,-35.9468161612804
0.159535621303966,-810.970036559642,2420.60001634074,-1001.32028839334,-28.2674015572883,-653.125234624886,-84.0642088792614
-0.207963041204011,163.804813746744,-1001.32028839334,1349.16926298699,-50.0584050155449,41.0399882266985,-189.687102190905
0.0334070722055483,-99.352085458586,-28.2674015572856,-50.0584050155473,791.25552841277,-499.8669261826,-120.495200670528
-0.215644069080396,123.069846510389,-653.125234624889,41.0399882267007,-499.866926182602,3353.76546222551,-1849.3798837493
-0.0811629277415826,-35.9468161612794,-84.0642088792619,-189.687102190905,-120.495200670526,-1849.37988374931,2094.38696441146
0.000370657582828235,0.0961988831346853,-0.0951077602884454,0.0351501653849843,-0.0248000582959266,-0.230293039631526,-0.256460911371904
0.0961988831346852,455.616750042403,-332.856757283893,73.3527373381507,-27.8672732848887,-363.292956429973,45.5358484051429
-0.0951077602884455,-332.856757283893,1614.89669699283,-947.416045407696,-169.747547619327,47.9287669695848,-58.4273256364197
0.0351501653849845,73.3527373381514,-947.416045407696,1606.07988471821,-60.2073871347055,-79.8864542442442,-569.781727578358
-0.0248000582959274,-27.8672732848889,-169.747547619328,-60.207387134707,785.466514957012,-489.435198586252,23.2223414761679
-0.230293039631527,-363.292956429974,47.9287669695869,-79.8864542442423,-489.435198586251,3420.63597950917,-1921.30445479765
-0.256460911371903,45.5358484051434,-58.427325636421,-569.781727578357,23.2223414761641,-1921.30445479765,2477.09240242114
0.000178739966482789,0.00127863052101373,-0.0279194736548244,-0.0749702581498468,-0.00667393336198636,-0.0764895023129797,-0.0543533927717955
0.00127863052101392,537.33205315651,-574.310512869922,140.803457835445,68.2971353338967,92.3411418390289,-227.466006782793
-0.0279194736548248,-574.310512869923,1807.78113583945,-849.041686954085,-227.708146871465,-221.81804615127,101.952960374919
-0.0749702581498468,140.803457835446,-849.041686954085,1161.77770073666,26.3630058433413,-87.6081028393735,-248.148415580585
-0.00667393336198668,68.297135333896,-227.708146871464,26.3630058433423,1024.77186625138,-785.865803301481,-68.4757533332161
-0.0764895023129773,92.341141839033,-221.818046151272,-87.6081028393734,-785.86580330148,3392.84864915838,-1994.41349975234
-0.0543533927717971,-227.466006782795,101.952960374919,-248.148415580586,-68.475753333217,-1994.41349975233,2187.06310581619
0.000372435540386755,0.0586199375704853,0.00315971118753634,-0.166830428680761,-0.00516498438063681,-0.000227873854033061,-0.368570796339088
0.0586199375704857,729.915455864877,-738.492309583253,379.091415672736,-296.796735147739,266.216153439318,-364.20388430006
0.0031597111875363,-738.492309583254,2246.81667331864,-1577.11521447584,406.519249306301,-126.081464352215,-174.684106959429
-0.166830428680761,379.091415672737,-1577.11521447584,2467.89337684632,-468.176975498769,-171.64366796184,-351.689973094202
-0.0051649843806382,-296.79673514774,406.519249306299,-468.176975498767,1691.32992035408,-1843.51617485019,496.872586166792
-0.000227873854027961,266.216153439318,-126.081464352204,-171.643667961854,-1843.51617485019,5494.80318706531,-3217.06090100732
-0.368570796339092,-364.203884300059,-174.684106959437,-351.68997309419,496.872586166789,-3217.06090100732,3643.66378684566
0.000329621803545804,0.0415076199203776,-0.144130381543977,-0.110657581738653,-0.153508361843881,0.149718345396431,-0.235507748636236
0.0415076199203774,589.682961718282,-552.982313927974,-190.226117186791,-366.792570970792,468.459705770029,-25.709251954891
-0.144130381543977,-552.982313927974,2019.11029385562,-1066.92566731669,382.259269318959,-327.656702880217,-195.921980426554
-0.110657581738653,-190.226117186792,-1066.92566731669,2388.87666528272,454.157907874049,-543.323567301448,-741.923966049525
-0.15350836184388,-366.792570970794,382.259269318964,454.157907874047,2824.42076158987,-2079.8001789551,-744.110038522154
0.149718345396431,468.459705770033,-327.656702880223,-543.323567301447,-2079.80017895511,3917.85931947337,-1514.877972215
-0.235507748636237,-25.7092519548922,-195.921980426554,-741.923966049524,-744.110038522145,-1514.877972215,3086.27280972286
0.000323453703698425,0.00848251700889577,0.213393566984803,-0.287376851057676,-0.0726903594537015,0.0532283398029885,-0.331687805721472
0.00848251700889583,367.814641487441,-157.70776142941,11.5768201335978,102.543563962133,-463.29832924848,111.957384569753
0.213393566984802,-157.70776142941,1670.39154479855,-1159.64998765945,-179.714276883651,171.378863042707,-582.973140907056
-0.287376851057674,11.5768201335976,-1159.64998765945,1748.47537098603,296.156842945642,-662.581683847117,163.589283422596
-0.0726903594537016,102.543563962133,-179.714276883656,296.156842945646,1258.04234384656,-2120.75504973756,681.910193371492
0.0532283398029901,-463.298329248483,171.378863042722,-662.581683847131,-2120.75504973756,7567.36197388019,-4073.95764527981
-0.331687805721474,111.957384569756,-582.973140907064,163.589283422605,681.910193371494,-4073.95764527981,3733.2254775951
0.000423880977667733,-0.149895879103966,0.0331712804099134,-0.0047426718931117,-0.0729699527438519,-0.127385975956939,-0.257871715977134
-0.149895879103965,562.319926981276,-200.424408242059,-64.9813413857699,-38.2968459173718,243.188041164866,-245.398936855396
0.0331712804099121,-200.424408242059,1864.79611312474,-1485.50552044341,-201.790849883565,283.725446228718,-268.844449528572
-0.00474267189311025,-64.98134138577,-1485.5055204434,2230.84759813229,385.79059232155,-702.737086118987,-319.985854015433
-0.0729699527438526,-38.2968459173732,-201.790849883555,385.79059232154,2429.84919666257,-2171.37477392652,-202.783890328564
-0.127385975956938,243.188041164869,283.72544622871,-702.737086118981,-2171.37477392652,4286.85407879192,-1594.22951129111
-0.257871715977135,-245.398936855396,-268.84444952858,-319.985854015425,-202.783890328566,-1594.22951129111,2667.18132946344
0.000239791628813928,-0.0340478863853014,-0.0262373718227409,-0.126338871776106,0.00247728619146551,0.0515027683145069,-0.18931910430747
-0.0340478863853012,420.349093055947,-433.077553425989,34.5677623825217,-8.85016135131587,-70.8884931565134,100.171151527627
-0.0262373718227416,-433.077553425989,1551.80716552424,-669.271132422726,-46.5585824333334,141.404539763768,-460.950431231115
-0.126338871776106,34.5677623825212,-669.271132422725,1292.24122050216,1.36382948512805,1.06164521152347,-460.547375910368
0.00247728619146566,-8.85016135131458,-46.5585824333359,1.36382948512974,856.554388270868,-612.928038661185,-143.774460761381
0.0515027683145068,-70.8884931565178,141.404539763778,1.06164521151968,-612.928038661184,2672.4483995348,-1978.88172878079
-0.18931910430747,100.17115152763,-460.950431231124,-460.547375910365,-143.774460761382,-1978.88172878079,2922.91752195171
0.000300006269641393,0.109402925828637,-0.00967540711216116,-0.1955431607103,-0.0161795196949655,0.0327360073090361,-0.325358974665413
0.109402925828637,499.408867857148,-510.141635173718,227.966117352516,-61.4231546448701,-60.4052473381253,-240.512370776154
-0.00967540711216049,-510.141635173719,2135.28237324675,-1267.1967656663,3.77088960478974,-5.02009365053614,-290.18292958175
-0.1955431607103,227.966117352516,-1267.1967656663,1930.25979977229,204.773281663461,-250.023462469334,-538.87284335171
-0.0161795196949656,-61.4231546448703,3.770889604789,204.773281663463,692.565364785121,-635.713497262861,-176.902360004318
0.0327360073090377,-60.405247338124,-5.02009365053089,-250.02346246934,-635.713497262864,2439.27946803088,-1366.36891769447
-0.325358974665414,-240.512370776154,-290.182929581758,-538.872843351703,-176.902360004314,-1366.36891769447,2837.52545475173
0.000198932898056331,-0.0994866796129792,-0.0335552844334428,0.0339518028787621,0.103126266835167,-0.0977375681995786,-0.18337634974053
-0.0994866796129792,778.123272049465,-475.537656371013,-274.601263204039,-169.828011110568,292.618807847586,0.624444155120763
-0.0335552844334436,-475.537656371016,1693.02800810299,-699.639773140905,0.944247630054892,-214.566873838952,-218.255498361863
0.0339518028787628,-274.601263204038,-699.639773140907,1410.62457846429,214.51191507325,-362.002424047397,-333.005774250931
0.103126266835167,-169.828011110567,0.944247630053325,214.51191507325,948.577485922728,-888.538660905098,-210.623272024338
-0.0977375681995776,292.61880784758,-214.56687383894,-362.002424047401,-888.538660905099,3039.79398575137,-1563.76855975787
-0.18337634974053,0.624444155127044,-218.255498361873,-333.005774250928,-210.623272024337,-1563.76855975787,2373.73465298017
0.00043288056414596,0.0983824715172537,-0.210495544638197,0.00389884163283705,-0.266518980817586,0.469749755092121,-0.682175714623484
0.0983824715172535,446.213589644415,-640.950729121748,99.5360460425433,-248.921516270279,-46.7388206936611,203.265010795798
-0.210495544638197,-640.950729121749,2281.59507388903,-941.324542142937,549.714425489718,-78.1912118135558,-763.26605633939
0.00389884163283804,99.5360460425424,-941.324542142934,1408.9259319291,-283.400149926408,218.099733824002,-490.887903948666
-0.266518980817586,-248.921516270279,549.714425489718,-283.400149926408,1782.06172669143,-1721.30676470276,351.284447964602
0.469749755092125,-46.7388206936621,-78.1912118135472,218.099733823996,-1721.30676470276,5735.63672828836,-4438.11006699876
-0.682175714623488,203.2650107958,-763.266056339402,-490.887903948657,351.284447964602,-4438.11006699875,5681.19198709424
0.00032429066670287,0.0879788835104563,-0.0230142891862079,0.0299838956315958,-0.158857081030755,-0.106009692025513,-0.299606082522605
0.087978883510456,570.410462108969,-606.113607831837,298.666110609828,-328.191452049889,-132.363092133263,57.7115308755416
-0.0230142891862071,-606.113607831837,2204.0233240014,-1332.24571895727,286.780063505762,247.174397944384,-725.060817911763
0.0299838956315947,298.666110609828,-1332.24571895727,2062.84961247288,-259.814439611152,-626.856548026889,-189.923222542099
-0.158857081030755,-328.191452049889,286.780063505762,-259.814439611152,1360.80910483151,-432.131725607541,-352.550909511098
-0.106009692025515,-132.363092133264,247.174397944379,-626.856548026883,-432.131725607539,3864.69108123283,-2597.01834339837
-0.299606082522603,57.7115308755416,-725.060817911754,-189.923222542108,-352.550909511101,-2597.01834339837,4050.49546536849
0.00035880249780897,0.091493826419277,-0.447461437998747,0.153299606359898,0.0122818668769377,0.199630840337323,-0.51100304756284
0.0914938264192772,380.601406971932,-504.702546899272,91.8649398084347,-3.88243226194102,-177.573792797814,58.6217930835298
-0.447461437998745,-504.702546899268,3847.687501471,-1803.64597713255,-469.547841778499,-543.488693580837,168.092823126987
0.153299606359897,91.8649398084316,-1803.64597713255,1807.9697396542,-42.8569533050189,468.957068062027,-717.727391360217
0.0122818668769378,-3.88243226194109,-469.547841778499,-42.8569533050193,1215.00920182643,-52.4590868688418,-649.960129657709
0.199630840337323,-177.573792797822,-543.488693580823,468.957068062015,-52.4590868688433,5266.10260241132,-4937.66654654241
-0.511003047562841,58.6217930835369,168.092823126977,-717.727391360208,-649.960129657708,-4937.66654654242,6474.35663548936
0.000236369852529931,0.00882265574574987,0.0135291894749139,-0.108712612985684,-0.0721686387425258,-0.107723534936636,-0.07364429230099
0.00882265574574979,314.241307228395,-260.435734524536,-25.0004231954557,-30.7196339601038,-11.4577667558699,-0.699372071160766
0.0135291894749144,-260.435734524535,1305.84960321806,-674.941045014378,-25.9389294542157,-228.959750666012,-141.816124201868
-0.108712612985684,-25.0004231954565,-674.941045014374,1441.56428257809,-155.4247851104,-488.531862547408,21.9741517759697
-0.0721686387425259,-30.719633960104,-25.9389294542154,-155.424785110401,1222.19146870828,1.40860091307064,-826.405516408105
-0.107723534936634,-11.4577667558697,-228.959750666009,-488.531862547416,1.408600913071,4103.00279508527,-3030.64732289786
-0.073644292300992,-0.699372071160591,-141.816124201875,21.974151775981,-826.405516408106,-3030.64732289786,3909.78452986967
0.000572482259640511,-0.419691173269614,0.0384443328027424,0.279560406327551,0.162493036682346,-0.739331780417127,-0.15439644048469
-0.419691173269614,1201.3817912106,34.2994509336031,-1428.47714496249,-357.507707507227,1081.61009043889,108.616853319555
0.0384443328027417,34.2994509336041,1202.28317275709,-1043.5437123954,73.2493389670322,165.48563156008,-486.828788116554
0.279560406327553,-1428.47714496249,-1043.54371239539,3461.27111467899,508.357511891506,-1687.92336502222,-257.972190162196
0.162493036682346,-357.507707507225,73.2493389670335,508.357511891504,799.07191996989,-1027.35462614945,-248.537488535438
-0.739331780417127,1081.61009043889,165.485631560077,-1687.92336502221,-1027.35462614945,3895.09512381392,-1236.78027803427
-0.15439644048469,108.616853319557,-486.828788116552,-257.972190162202,-248.537488535436,-1236.78027803427,2294.44706913422
0.000332625136821607,0.0966374257849924,-0.438297887485798,0.359652763133191,0.0945582953215273,-0.650157982743328,0.0390708226235055
0.0966374257849925,676.085646148718,-374.629300594644,-145.084906010142,-78.6285595034422,337.485943235532,-540.535562103465
-0.438297887485797,-374.629300594645,4156.01094811774,-2972.82486534406,-134.727467579885,970.326218659381,-951.638944770363
0.35965276313319,-145.084906010141,-2972.82486534406,3403.63101717629,139.297366872891,-2058.9051106275,1003.12947829003
0.0945582953215276,-78.6285595034426,-134.72746757989,139.297366872896,1007.29453201868,-1294.50315080879,218.120535373489
-0.650157982743328,337.485943235532,970.326218659382,-2058.9051106275,-1294.50315080878,7809.22615488565,-4570.895428408
0.0390708226235048,-540.535562103463,-951.638944770357,1003.12947829003,218.120535373484,-4570.895428408,4649.27761090534
0.000387355661537197,0.0769110550102472,-0.0846425863160368,0.00853106994628306,-0.00577848926980023,-0.354224323020099,-0.202074367371985
0.0769110550102467,403.309297056599,-446.781456130479,172.683789366811,-90.9752035756784,-226.895180245758,69.0087745019578
-0.0846425863160349,-446.781456130477,3189.53026981818,-2308.51812920992,637.124935463561,-517.833765609095,-422.143095902122
0.00853106994628149,172.68378936681,-2308.51812920991,2887.5007064051,-853.057189879842,-100.128245564129,137.476245199218
-0.00577848926979959,-90.9752035756778,637.124935463563,-853.057189879847,2481.08740446873,-1454.26344701113,-677.183995898274
-0.354224323020099,-226.895180245758,-517.833765609106,-100.12824556412,-1454.26344701113,5575.00500402608,-2670.85010478354
-0.202074367371985,69.0087745019563,-422.143095902113,137.476245199213,-677.183995898277,-2670.85010478354,3825.4344016524
0.000277389392152171,0.0890448285715737,-0.199979948666533,0.0697198242925956,-0.0596350716733895,-0.091425736774528,-0.203070054002094
0.0890448285715734,588.296042018139,-644.965650056742,351.447706247862,-381.214024713888,-388.080661191046,336.101813794931
-0.199979948666532,-644.965650056743,2643.34041842193,-1664.62390066663,-63.2950712322722,193.331098488643,-167.295552522368
0.0697198242925948,351.447706247863,-1664.62390066663,1931.90848448947,-207.638895676536,-520.635600663242,-22.1217374152385
-0.0596350716733893,-381.214024713889,-63.2950712322734,-207.638895676534,3644.84292941633,-1562.18045313944,-1295.86109993336
-0.0914257367745282,-388.080661191042,193.331098488628,-520.635600663234,-1562.18045313944,5256.20679554864,-2817.64635442926
-0.203070054002094,336.101813794929,-167.295552522353,-22.1217374152478,-1295.86109993336,-2817.64635442926,4245.75486729402
0.000378124589239373,0.160275197680494,-0.251547946420094,0.0629654839766621,-0.0599124996424109,0.486471971276838,-0.933445261882445
0.160275197680494,657.748684231746,-880.27926823925,380.042770656865,-123.051809638046,567.914199487001,-839.176247712372
-0.251547946420095,-880.279268239251,2967.92947141779,-1595.66416775216,0.675282428801533,-1994.70887888456,1850.80961293439
0.0629654839766638,380.042770656867,-1595.66416775216,1851.54750635256,-426.774624503971,659.320736059516,-977.360760387153
-0.0599124996424112,-123.051809638048,0.675282428804035,-426.774624503972,2297.1101177126,-539.045232086653,-1077.22747333882
0.486471971276839,567.914199487007,-1994.70887888457,659.320736059517,-539.045232086651,6918.08469766297,-6291.81614912063
-0.933445261882446,-839.176247712378,1850.8096129344,-977.360760387151,-1077.22747333882,-6291.81614912063,8678.99603887565
0.000421933675315481,-0.0655421087298867,0.0413822512418938,-0.186281964942197,0.0696618338630797,0.245992138331652,-0.621118937372943
-0.0655421087298868,358.237173677361,-223.76719552926,-18.3560506026986,-44.0757682086319,-15.0531731399282,28.4099014935574
0.0413822512418945,-223.767195529261,1269.69382585254,-826.104602688379,-72.713622663781,-5.21797694936833,-258.446783388836
-0.186281964942196,-18.3560506026985,-826.104602688378,1813.19816117084,-24.1948191709242,-335.809352299681,-571.013452689913
0.0696618338630799,-44.0757682086327,-72.7136226637804,-24.1948191709232,1400.33176590423,-1083.84160429862,-208.65878158927
0.245992138331655,-15.0531731399253,-5.21797694937586,-335.809352299694,-1083.84160429862,6400.36346505285,-5268.67598408629
-0.621118937372949,28.4099014935555,-258.446783388829,-571.013452689899,-208.658781589268,-5268.67598408631,7384.41794239644
0.000291783394433066,-0.00862915211467033,-0.0340687302432784,-0.127081318598593,-0.0846222150821419,0.210349232275902,-0.351868570013398
-0.00862915211467078,464.649779249259,-513.386418047168,31.0652878452393,71.0736814818894,-74.9076803679641,45.7138455017857
-0.0340687302432769,-513.386418047169,2122.11792979376,-856.270229119468,173.711279934721,-1209.3092195704,252.404957257816
-0.127081318598594,31.0652878452386,-856.270229119464,1524.64277528042,188.527230770655,-374.650571058373,-477.014351657443
-0.084622215082141,71.0736814818876,173.711279934727,188.527230770648,1073.04939282467,-2683.59897731034,1169.46533410367
0.210349232275899,-74.9076803679588,-1209.30921957043,-374.650571058341,-2683.59897731034,11883.9142179523,-7599.00321983555
-0.351868570013397,45.7138455017836,252.404957257836,-477.014351657465,1169.46533410367,-7599.00321983555,7262.45993524719
0.000318440070711262,0.0163260695537851,0.0680264825517472,-0.100124364155771,-0.0980946825863964,0.0544301320358481,-0.384143690395821
0.0163260695537852,354.472042584444,-359.351995872766,33.8140561459756,145.79346104244,-68.5268049123783,-139.920793184104
0.0680264825517467,-359.351995872767,1745.77157878403,-878.596146174357,63.1668952443083,-424.461200802976,-267.243067014736
-0.100124364155771,33.8140561459772,-878.596146174361,1733.79048659029,-218.25110318293,182.539604373802,-839.599479075894
-0.098094682586397,145.793461042439,63.1668952443056,-218.251103182924,1521.05755858956,-1593.51765203174,225.476295754673
0.0544301320358496,-68.5268049123745,-424.46120080297,182.539604373789,-1593.51765203174,6301.13614143711,-4643.84691010234
-0.384143690395821,-139.920793184107,-267.243067014735,-839.59947907589,225.476295754673,-4643.84691010234,6603.49559532096
0.000535368462792309,0.0694647669682964,0.00552055324085379,-0.0714588947944138,-0.223008148197176,0.166360379408341,-0.680827717823055
0.0694647669682965,468.237321229142,-360.231781294737,-210.720948712846,128.289750753525,-168.607968902129,45.4632752698401
0.00552055324085371,-360.231781294736,1515.71774992269,-920.783245886015,-247.969939399028,70.2318321115606,-74.6328233880411
-0.0714588947944141,-210.720948712848,-920.783245886013,2158.46994037604,-58.7790517380752,-19.2622310066085,-965.896846482112
-0.223008148197175,128.289750753527,-247.969939399028,-58.7790517380786,3197.89887269313,-1316.29846081812,-1473.18188312469
0.166360379408338,-168.607968902134,70.231832111564,-19.2622310065973,-1316.29846081811,4508.532214747,-3452.70562119912
-0.680827717823053,45.4632752698441,-74.6328233880456,-965.89684648212,-1473.18188312471,-3452.7056211991,7301.80781876052
0.000331039039971139,-0.0243187700299382,0.0983966632045784,-0.341974324731994,-0.0761527712834378,-0.0478050230356036,-0.0328041497803448
-0.0243187700299387,538.198634799477,-423.043693765296,84.5312018839559,159.445731643522,10.064246443302,-351.470950726097
0.0983966632045797,-423.043693765296,1257.65821177059,-1005.5188781785,-10.2105444994887,-130.868289644501,176.819082014401
-0.341974324731995,84.531201883954,-1005.5188781785,2259.22196844995,-290.102325987632,355.663451716683,-1065.63834666279
-0.0761527712834382,159.445731643521,-10.2105444994901,-290.102325987634,2100.78478789567,-1559.32079833838,-294.835489612309
-0.0478050230356038,10.0642464433023,-130.868289644499,355.663451716684,-1559.32079833837,4086.64494380726,-2876.37900545004
-0.032804149780344,-351.470950726096,176.819082014397,-1065.63834666278,-294.835489612321,-2876.37900545003,4811.55567685578
0.000303097637621557,-0.00516702467686282,0.0805971889063465,-0.127375182042968,-0.0343987167248366,0.0795475902421004,-0.423329128807167
-0.00516702467686277,356.124098382287,-503.575606068963,144.622254624311,94.6976938232075,39.4203137305062,-122.548588217387
0.0805971889063461,-503.575606068963,1816.85787558995,-1140.85834546086,-103.491328171623,56.3394409864013,-290.862610076772
-0.127375182042968,144.622254624312,-1140.85834546086,1766.62021303202,-42.5869823482722,-48.8887780278839,-584.667447847652
-0.0343987167248365,94.6976938232053,-103.491328171617,-42.5869823482766,1653.11171257195,-973.776279038695,-578.716109383826
0.0795475902421005,39.4203137305098,56.3394409863958,-48.8887780278808,-973.776279038694,2780.12108371361,-2163.76954200569
-0.423329128807167,-122.548588217389,-290.862610076772,-584.667447847651,-578.716109383828,-2163.76954200569,4757.10586336169
0.000373621910491875,0.0194430284523342,0.228431934741234,-0.128690524984139,-0.0219676018012198,0.161512662435859,-0.803234312333008
0.0194430284523346,566.064238681555,-646.225547372467,176.512090091167,-155.655815473109,-173.36369675562,230.287544959618
0.228431934741234,-646.225547372466,2364.23983329923,-1076.5326673081,-162.576542860014,1004.20434141138,-1975.8971338623
-0.128690524984139,176.512090091165,-1076.53266730809,1583.68975450637,238.391865470785,-403.576974421722,-450.752015178004
-0.021967601801221,-155.65581547311,-162.576542860018,238.391865470789,1405.59155137978,-833.992426865837,-505.985520987902
0.161512662435861,-173.363696755622,1004.20434141138,-403.576974421725,-833.992426865827,3781.28495588217,-3879.48652236941
-0.803234312333009,230.287544959623,-1975.89713386231,-450.752015178005,-505.985520987915,-3879.4865223694,8431.89647224835
0.000217405869045455,0.0103309163258299,0.0252659877638448,-0.0932580769704177,0.0403598200448386,0.100616396731368,-0.387515584449053
0.0103309163258301,338.749064040107,-244.929949270769,-91.1686440919108,-87.5790902832866,243.988187199554,-185.533969603639
0.0252659877638449,-244.929949270771,1434.5494138827,-967.283459313758,92.4446323487589,-224.94501009863,-134.01275769663
-0.093258076970419,-91.1686440919083,-967.283459313763,1560.43340681031,-62.3097250272246,-586.253711577764,259.86229984028
0.0403598200448379,-87.5790902832866,92.444632348755,-62.3097250272196,941.897680111007,-858.858722608754,-88.9843540348959
0.10061639673137,243.988187199552,-224.945010098623,-586.253711577769,-858.85872260875,5010.50806738516,-3948.93136119286
-0.387515584449053,-185.533969603638,-134.012757696629,259.862299840275,-88.9843540348998,-3948.93136119286,4968.90557612097
0.000322602742768158,0.00862628293043356,0.0277406099891575,-0.08532690670129,0.0419596824087225,0.078718843389821,-0.516218684792587
0.00862628293043374,489.071010917231,-438.812616082456,156.244682966753,-149.392703673855,99.6172211143749,-182.337787497271
0.0277406099891577,-438.812616082456,1516.26198570739,-810.22031138388,-41.9672568627776,-39.120619944591,-233.473023670348
-0.0853269067012905,156.244682966754,-810.220311383882,1383.60746287926,-91.4255341966038,22.830070168474,-655.280784032315
0.0419596824087216,-149.392703673855,-41.9672568627781,-91.4255341966052,925.356488657388,-624.915338337613,-48.0867757951011
0.0787188433898231,99.6172211143755,-39.1206199445908,22.8300701684787,-624.915338337609,1938.48159909744,-1595.83905479995
-0.516218684792588,-182.337787497272,-233.473023670347,-655.280784032319,-48.0867757951093,-1595.83905479993,3684.61895721855
0.000283676967331411,0.0240808059503595,-0.00309319648189292,-0.206213329260276,0.194851455100012,0.0287372050583175,-0.421272345093631
0.0240808059503592,671.280159279072,-408.675625272583,-108.806398469021,-284.586182808873,246.594897019137,-164.119864744291
-0.0030931964818937,-408.675625272583,1605.5384714898,-682.125958767964,60.9565147751359,-79.5416657476529,-520.619121694955
-0.206213329260276,-108.806398469021,-682.125958767967,1533.20897857426,-296.276352101931,-723.00142681166,520.417914571705
0.194851455100015,-284.586182808871,60.9565147751393,-296.276352101936,3173.83159042185,-1492.8968483614,-1445.05320982838
0.0287372050583154,246.594897019133,-79.5416657476392,-723.001426811666,-1492.89684836142,4502.13303523293,-2611.31697823315
-0.421272345093631,-164.11986474429,-520.619121694971,520.417914571714,-1445.05320982836,-2611.31697823316,5064.06706952981
0.000234554561010478,-0.0231693384278665,-0.0307289030641393,-0.0523928336591881,0.12533549642871,0.151080154706872,-0.494964017844781
-0.0231693384278664,334.064327746664,-140.049046074006,-111.273827874488,121.253512195633,-136.982329507447,-35.7439719693424
-0.0307289030641391,-140.049046074006,1556.05159132573,-971.223380419996,-386.469608948494,161.886403283818,-182.209157439103
-0.0523928336591893,-111.273827874488,-971.223380420001,1888.07563985775,-277.423613522604,-176.606472814593,-349.259661795898
0.125335496428709,121.253512195632,-386.469608948486,-277.423613522608,2421.19984393669,-609.683112597825,-1456.1567912818
0.151080154706871,-136.98232950745,161.886403283812,-176.606472814581,-609.683112597824,3095.17383353805,-2662.04349995269
-0.494964017844779,-35.7439719693388,-182.209157439099,-349.259661795913,-1456.1567912818,-2662.04349995269,5632.42570096568
0.000233120935146665,-0.0450126330772566,-0.236740176745077,0.0480054769485576,0.0812508634545549,0.153512255163458,-0.307657083674245
-0.0450126330772564,462.750158620026,-408.740565130596,-20.095950629967,0.312730484834257,255.583169782044,-245.274155620461
-0.236740176745076,-408.740565130594,2664.51565677861,-1433.5089986067,-198.919994696703,-442.299084563123,114.96107574458
0.0480054769485571,-20.095950629967,-1433.5089986067,1753.32814759218,-188.403193593172,-733.820191103941,580.077883167299
0.0812508634545556,0.312730484834549,-198.919994696707,-188.40319359317,1364.57538751554,56.5262365691719,-1175.8749529846
0.153512255163454,255.583169782037,-442.299084563131,-733.820191103928,56.526236569161,6151.12681681624,-5715.31425577461
-0.307657083674243,-245.274155620455,114.961075744596,580.077883167282,-1175.87495298459,-5715.31425577463,7167.54838861727
0.00054453000444535,-0.0642345147576437,-0.0706071761308703,0.0456168739724389,0.164999299238681,0.227493913045806,-1.03437768621526
-0.0642345147576436,627.774993243712,-399.040383037997,197.653472029037,24.7667734450644,232.072039917092,-686.953577314051
-0.0706071761308714,-399.040383037997,2339.25049446349,-1439.55918595359,-290.093461453543,-157.76537488865,10.8155644079985
0.0456168739724406,197.653472029037,-1439.55918595359,1922.20304164582,107.136472971108,-463.159322768689,-510.144999970675
0.16499929923868,24.7667734450643,-290.093461453544,107.136472971108,1370.55337779884,-1004.1946584076,-432.076109252529
0.227493913045808,232.072039917089,-157.765374888629,-463.159322768702,-1004.19465840758,9033.56525598869,-8187.84605425044
-1.03437768621526,-686.953577314048,10.8155644079744,-510.144999970657,-432.076109252546,-8187.84605425041,11777.9509305774
0.000310213476287511,0.0482927459449734,0.192394617746868,-0.207708259188911,0.141294951905239,0.104751744838188,-0.710819845447476
0.0482927459449736,711.186858365337,-780.031399695339,29.7662754429207,206.052903314531,-321.887753427535,105.060843167582
0.192394617746868,-780.031399695338,2260.72144577418,-809.441660748477,-28.5502907897395,432.449969940772,-1427.13262330686
-0.207708259188912,29.766275442919,-809.441660748477,1062.44721520042,-49.9667586433697,-71.2068877081556,71.928444690109
0.141294951905237,206.052903314533,-28.5502907897445,-49.9667586433661,1051.67054684294,-1048.87739051687,-374.281906860219
0.104751744838189,-321.887753427541,432.449969940779,-71.2068877081581,-1048.87739051687,3890.64071259758,-3123.62844095578
-0.710819845447475,105.060843167587,-1427.13262330686,71.9284446901051,-374.281906860225,-3123.62844095577,6070.49535056119
0.000226038266906891,0.00946113335690819,0.00873007619903058,-0.0311414976112785,0.0924123613189161,0.181736019311765,-0.567603718824237
0.00946113335690799,366.853003882554,-383.664858812794,58.9535490422228,-117.458774005941,10.0406219651305,48.821745069257
0.0087300761990306,-383.664858812794,1525.40441220384,-816.107567731458,-251.053208053508,-8.99783488408225,-78.0252732657415
-0.0311414976112782,58.9535490422228,-816.107567731459,1346.76743630772,-230.569191442597,27.5108575562386,-435.911301180736
0.0924123613189163,-117.45877400594,-251.053208053512,-230.569191442593,2213.35883990225,-1101.41210828529,-624.084768167007
0.181736019311765,10.0406219651297,-8.99783488407423,27.51085755623,-1101.4121082853,3190.9927490992,-2457.33995186439
-0.567603718824238,48.8217450692564,-78.0252732657453,-435.911301180731,-624.084768166996,-2457.33995186441,4549.53868255661
0.0004114663144677,-0.045883212932269,0.00864303744612566,-0.0417001147293397,0.0539136584002081,0.135545748228726,-0.63909975443805
-0.0458832129322695,455.09133944666,-252.162880741642,-85.9097124400526,-56.7273649254867,-23.0651693170651,16.3212822530934
0.00864303744612793,-252.162880741642,1938.92264736625,-1254.97057258866,147.300027470345,-225.453193721738,-407.758116536691
-0.0417001147293412,-85.9097124400524,-1254.97057258866,1822.45657836166,-164.899279270207,119.923726830144,-456.76634049799
0.0539136584002082,-56.7273649254862,147.300027470348,-164.899279270208,1421.42745691515,-1046.20804850247,-403.969277723557
0.135545748228725,-23.0651693170624,-225.453193721755,119.923726830153,-1046.20804850247,4150.64078872012,-3288.54095308137
-0.639099754438049,16.3212822530886,-407.75811653667,-456.766340498002,-403.969277723554,-3288.54095308137,5728.38420766793
0.000302228922961082,0.0742838791836473,-0.193755382412762,0.0788897943978158,0.0804939763579595,-0.143995346810701,-0.261725144074384
0.0742838791836469,628.214659178881,-548.202789466574,48.9246594794352,65.9142888797555,117.741906965723,-431.927053417622
-0.193755382412761,-548.202789466574,1792.88177122054,-1110.20854349124,101.344358304827,-270.572571219693,278.938504737663
0.0788897943978149,48.9246594794353,-1110.20854349124,1381.13439243535,-162.736646013946,107.271898726538,-402.066931232469
0.0804939763579601,65.9142888797549,101.34435830483,-162.736646013948,1128.24040429289,-1082.80452351444,-173.542926653813
-0.143995346810702,117.741906965727,-270.572571219715,107.271898726557,-1082.80452351444,4529.77432269096,-3437.46640899374
-0.261725144074384,-431.927053417626,278.938504737686,-402.066931232488,-173.542926653814,-3437.46640899374,4847.44268092877
0.000216904847501253,0.0211082837570224,-0.0470825578865278,-0.133439602938452,0.00233204143636407,0.04620201179186,-0.154784318746792
0.021108283757022,510.181585376975,-410.858909509628,-63.097172428788,30.8372673580881,135.770478808124,-243.479626953693
-0.047082557886526,-410.858909509628,1880.61429936694,-919.861798272641,-205.800799300013,-349.894441939056,79.183185059458
-0.133439602938453,-63.0971724287876,-919.861798272642,1336.50539713964,6.3752394946876,-70.0880637991437,-175.316668633861
0.00233204143636423,30.8372673580897,-205.800799300017,6.37523949468931,950.287324159395,-667.485985163181,-114.164113771356
0.0462020117918597,135.770478808122,-349.894441939051,-70.0880637991475,-667.485985163182,3281.0279145548,-2536.49542912507
-0.154784318746792,-243.479626953694,79.1831850594612,-175.316668633861,-114.164113771355,-2536.49542912507,3423.82496824639
0.000389941581064311,-0.0299345163533941,-0.244197659777886,-0.00373439591019606,0.0812188975677133,0.0568827164957091,-0.307864023469048
-0.0299345163533936,590.539272448383,-460.833572396552,20.7920817838665,3.89392048768917,-73.1081200264646,-63.1614082937742
-0.244197659777886,-460.833572396552,2333.334226591,-1362.11016403703,-175.396009597806,-54.7338654144598,-11.0710592065121
-0.00373439591019619,20.7920817838681,-1362.11016403703,1611.45770010948,-0.98363207297619,16.3262858494419,-362.362929672185
0.0812188975677125,3.89392048768882,-175.396009597802,-0.983632072980324,1093.83951101141,-882.929723352058,-119.649950698443
0.0568827164957093,-73.1081200264627,-54.7338654144853,16.3262858494652,-882.929723352055,3788.3286761969,-3011.90226303467
-0.307864023469048,-63.1614082937762,-11.0710592064861,-362.362929672207,-119.649950698447,-3011.90226303467,4238.88492013371
0.000347613634454223,0.0321633632513183,-0.186351464728817,-0.0835412492298808,-0.100185132129304,0.0123493492702919,-0.0600831475475978
0.0321633632513182,481.206608999783,-585.654479591493,55.963635000928,-77.6710537955451,95.5870202658525,-1.23312709928014
-0.186351464728818,-585.654479591493,2231.4033676778,-1241.74525912514,263.889237866201,-294.810417680468,-181.853357613641
-0.0835412492298799,55.9636350009282,-1241.74525912514,1723.81405104201,-471.516234518606,195.717247805424,-204.444075500683
-0.100185132129303,-77.6710537955449,263.8892378662,-471.516234518607,1421.42744423588,-1154.55926114765,95.0899163494638
0.0123493492702915,95.5870202658518,-294.810417680466,195.717247805426,-1154.55926114765,3042.61811839284,-1959.39343307171
-0.0600831475475979,-1.2331270992797,-181.853357613642,-204.444075500683,95.0899163494623,-1959.3934330717,2511.00536568061
0.000563771644698895,0.0743968131034248,-0.142592300586623,-0.114932353352823,-0.0246552419978856,0.0886507251790439,-0.5390677951762
0.0743968131034242,756.539802550562,-1038.50052753286,555.873402774185,35.5845714043799,-16.2996031767882,-448.027175381358
-0.142592300586621,-1038.50052753286,3219.54188302138,-2274.45173734973,-187.375049374564,-320.27575709681,870.172089617697
-0.114932353352826,555.873402774185,-2274.45173734973,2382.21810086108,105.83687567579,-37.2149956158177,-747.970760786812
-0.0246552419978843,35.5845714043815,-187.37504937457,105.836875675795,1812.85220288321,-2286.94408741752,550.397688087349
0.0886507251790395,-16.2996031767888,-320.275757096795,-37.2149956158229,-2286.94408741753,8877.80707220935,-6674.37896494876
-0.539067795176196,-448.02717538136,870.172089617692,-747.970760786814,550.39768808735,-6674.37896494876,7640.3513469512
0.000416748272770442,0.00717621190804849,-0.102681218697361,-0.268729024631037,-0.120897576377916,0.380022840506776,-0.332739720485278
0.00717621190804876,709.987181659723,-621.725777171642,-70.5468543853435,-177.738422429198,129.563476933927,45.372189983738
-0.102681218697363,-621.725777171642,1972.10665157202,-935.670019332152,346.171064376722,-509.867086310754,-222.048021091237
-0.268729024631035,-70.5468543853431,-935.670019332155,1871.24778144531,-309.254452883292,-314.848980953145,-59.0059053149499
-0.120897576377916,-177.738422429198,346.171064376721,-309.254452883292,1314.27288103313,-1469.15064766224,420.917821625229
0.380022840506778,129.563476933928,-509.867086310744,-314.848980953153,-1469.15064766223,5307.26197584851,-3680.11041447063
-0.33273972048528,45.3721899837374,-222.048021091245,-59.0059053149422,420.917821625226,-3680.11041447063,4232.72018484139
0.00063082995777202,-0.0397222751836051,-0.588450657585714,0.126411786777152,-0.0911311953571102,0.386949294919497,-0.463399206383487
-0.0397222751836052,813.433006776994,-850.262812376156,127.877829291468,-1.19162681556684,-91.4480585499544,26.8239293336744
-0.588450657585717,-850.262812376155,4784.02886693409,-2365.93041249805,-414.344527357982,-300.056713112545,-315.616715755463
0.126411786777155,127.877829291467,-2365.93041249805,2275.64793263044,-30.5130083602314,118.682099967867,-351.275311090545
-0.0911311953571115,-1.19162681556939,-414.344527357974,-30.5130083602352,2077.69522531233,-2193.39823274908,663.240570468827
0.386949294919499,-91.4480585499522,-300.056713112543,118.682099967861,-2193.39823274908,5482.68150684883,-3611.60917110863
-0.463399206383487,26.8239293336749,-315.616715755478,-351.27531109053,663.240570468819,-3611.60917110862,4560.53827264063
0.000858481584659723,-0.222751634909465,-0.272729720171749,-0.105513752630999,-0.0352810359091431,0.100167446421318,-0.185806053063569
-0.222751634909465,718.745582635343,-442.460738585766,-74.4270160270028,-2.86302824323118,20.5538552528479,-45.0328228818482
-0.272729720171751,-442.460738585763,2287.93130301912,-1308.92030620148,33.9689979694855,-547.197281343676,133.753870704648
-0.105513752630998,-74.427016027006,-1308.92030620148,2252.44301473515,-340.981911969153,-319.955294365573,-414.019154874267
-0.0352810359091415,-2.86302824323183,33.9689979694771,-340.981911969144,1691.92286754856,-1972.37529268247,718.177502243319
0.100167446421313,20.553855252854,-547.197281343666,-319.955294365594,-1972.37529268247,7079.97052426973,-4416.79546028785
-0.185806053063566,-45.0328228818533,133.753870704646,-414.019154874255,718.177502243317,-4416.79546028786,4751.5209233008
