covar_robust_1,covar_robust_2,covar_robust_3,covar_robust_4,covar_robust_5,covar_robust_6,covar_robust_7,covar_robust_8
0.00308293642250197,-0.00186512064188719,-0.160209070192046,-0.942415912473488,-0.0411051537904126,-0.0942673012228607,0.870383456642157,-0.627998635863927
-0.00186512064188996,318.7747807039,-328.500903931627,48.7455332545058,-0.658234294758591,-47.6620817646191,42.3577049373965,-88.1740317941729
-0.160209070192035,-328.500903931627,1258.89931426033,-816.055815916454,9.4224981563226,-57.9882817172415,-131.508214866284,62.2257805604374
-0.942415912473497,48.7455332545049,-816.05581591645,1239.07519490761,-10.0372615074735,-28.7759817868256,-250.692034290955,-24.2249378102788
-0.041105153790412,-0.658234294758706,9.42249815632355,-10.0372615074745,30.4685805604228,-39.7570492853713,18.313387841041,-66.7874585830685
-0.094267301222862,-47.6620817646194,-57.9882817172417,-28.7759817868256,-39.7570492853714,2057.46249937625,-2333.45891078943,647.186074603932
0.870383456642158,42.3577049374044,-131.508214866309,-250.692034290933,18.3133878410413,-2333.45891078942,8630.09757857076,-6861.21540157456
-0.627998635863928,-88.1740317941811,62.2257805604639,-24.2249378103009,-66.7874585830688,647.186074603926,-6861.21540157455,8253.31436403472
0.00187479473413943,0.0150499288810156,-0.10146241799347,-0.772593915186734,-0.000734945238783927,-0.253068163322537,0.471865783961999,-0.112372606147685
0.0150499288810158,376.118875509856,-356.693829515628,6.97217123705674,-4.73612423970689,-9.06045423532194,19.4147670285525,-34.8701455518326
-0.10146241799347,-356.693829515628,1310.79156480295,-738.608491770418,5.86109960649922,-14.7059459700331,-307.625910254777,96.5123917519751
-0.772593915186735,6.97217123705664,-738.608491770418,1409.76673952422,-2.17149933842372,13.9814405354317,-289.582865527087,-220.736216776776
-0.000734945238783981,-4.73612423970714,5.86109960649995,-2.17149933842412,10.7665407683303,-6.75785108567611,7.19861660719651,-40.8773192908726
-0.253068163322537,-9.06045423532054,-14.7059459700366,13.9814405354322,-6.75785108567618,419.807146392416,-1026.59581127919,643.56154279405
0.471865783962006,19.4147670285472,-307.625910254758,-289.582865527097,7.19861660719678,-1026.59581127919,5831.78811438519,-4756.43348518974
-0.112372606147693,-34.8701455518263,96.5123917519519,-220.736216776763,-40.8773192908727,643.561542794049,-4756.43348518973,5613.56469079784
0.00156809496740842,-0.0254673095198322,-0.0731385395047443,-0.683697814313416,-0.00417489698225427,-0.0269475861658267,-0.29165367297433,0.351784066313478
-0.0254673095198308,364.777652966777,-288.809111030424,-15.1847097330685,-3.05001361134088,5.89279319515059,-36.4222632076858,-4.45863193429468
-0.073138539504748,-288.809111030423,1151.00853271838,-615.754591402828,16.2079696099936,-46.9518740724678,-158.627478321521,-83.4699996678984
-0.683697814313415,-15.1847097330672,-615.754591402832,1321.19327545913,-5.6317342619345,-28.5063004112081,-32.96124758595,-399.527283451121
-0.00417489698225411,-3.0500136113409,16.2079696099938,-5.63173426193475,8.89942810751001,-7.09562590389412,-12.6299191367379,-16.2196749388505
-0.026947586165827,5.89279319515169,-46.951874072471,-28.5063004112057,-7.0956259038943,427.969602464934,-570.982915371715,251.701853566698
-0.291653672974331,-36.422263207689,-158.627478321518,-32.9612475859523,-12.6299191367373,-570.982915371717,2312.69009760867,-1720.46230654502
0.351784066313483,-4.45863193429377,-83.4699996678948,-399.527283451125,-16.219674938851,251.701853566699,-1720.46230654503,2735.3929769952
0.00190519687941858,-0.0102844265623022,-0.219208120200897,-0.627984349508998,0.00997302533003092,-0.0173160940135238,-0.685834193971747,0.597793868057912
-0.0102844265623042,461.505508962918,-416.621993692449,72.3564552026005,0.15616323670881,-9.78963771047597,-22.2519219150701,-110.509590845618
-0.219208120200892,-416.621993692451,1914.88410242634,-1081.94537960189,-2.08155435895818,-3.1062185729338,-124.900460750017,-189.166209483301
-0.627984349509002,72.3564552026028,-1081.94537960189,1764.11226149055,-1.94115570829309,70.9926219455082,-73.7320650236961,-561.488781421242
0.00997302533003091,0.156163236708798,-2.08155435895817,-1.94115570829317,5.11028331862639,-3.54806577338624,-7.0377908075666,-9.03463343220146
-0.0173160940135238,-9.78963771047532,-3.10621857293423,70.9926219455083,-3.54806577338627,527.856224375314,-541.087956209265,-25.5650138861669
-0.685834193971747,-22.2519219150739,-124.90046075001,-73.7320650237012,-7.03779080756657,-541.087956209264,2043.45761037087,-1371.44460874398
0.597793868057913,-110.509590845614,-189.166209483315,-561.48878142123,-9.03463343220159,-25.5650138861684,-1371.44460874398,3018.40049551657
0.00171979197990925,-0.0715238811412002,-0.43628414446954,-0.350304439383958,0.00775579103875095,-0.090347388917109,-0.569358612621456,0.634179775291373
-0.0715238811411999,545.01826794533,-349.179115087672,108.829198699097,2.90916384047457,163.864371488928,-251.891775815315,-167.07151410139
-0.436284144469548,-349.179115087673,1890.87113209622,-1074.76107714249,-18.4649594265122,-61.6292788643342,69.406066274136,-148.265380643587
-0.350304439383951,108.829198699098,-1074.76107714249,1488.50066207505,11.0440967051533,-3.75634901262744,-10.5522872663048,-439.96949036957
0.00775579103875113,2.90916384047469,-18.4649594265122,11.0440967051531,4.06609773108335,1.72865159014937,-1.76614112647537,-18.9533420723357
-0.0903473889171082,163.864371488927,-61.6292788643295,-3.75634901263208,1.72865159014925,575.291366719685,-434.643838368728,-145.246541941491
-0.569358612621456,-251.891775815315,69.4060662741225,-10.5522872662912,-1.76614112647517,-434.643838368727,1350.64188614592,-809.002696826573
0.634179775291373,-167.071514101391,-148.265380643577,-439.969490369581,-18.9533420723359,-145.246541941493,-809.00269682657,2055.38374810077
0.000873904323257398,0.0427752688525675,-0.0161434814304423,-0.471303257912551,0.00324536177779108,0.00935142882834081,-0.307868973973933,0.277748728705006
0.0427752688525695,393.584255460669,-264.28589706345,-91.8515727867757,0.188277966744267,-16.0934386024202,-26.2145855092322,-13.9296395214579
-0.0161434814304506,-264.285897063452,1621.29039712954,-948.814564882622,5.00431304038945,-25.7675230370459,-92.7442463632271,-298.075338559809
-0.471303257912544,-91.8515727867717,-948.814564882633,1900.44993678531,-5.88980383070392,-147.919719124584,275.791965699039,-896.891795753636
0.00324536177779106,0.188277966744356,5.00431304038941,-5.88980383070395,3.30622031346595,-1.51253215020744,-13.1125651828969,7.3001589679986
0.00935142882834283,-16.0934386024209,-25.767523037039,-147.91971912459,-1.51253215020749,502.087020143945,-263.64909621672,25.6697127094577
-0.307868973973936,-26.2145855092299,-92.744246363239,275.791965699051,-13.1125651828968,-263.649096216719,769.16352456391,-789.377831865684
0.277748728705007,-13.9296395214619,-298.075338559794,-896.89179575365,7.30015896799865,25.6697127094572,-789.377831865682,2472.32914903072
0.00125112492816316,0.10937192064129,-0.260399742377661,-0.614992480225421,0.0135332190878204,0.102576556709405,-0.657493680070174,0.668707783301091
0.109371920641292,365.639118918133,-376.506879503598,44.596313908213,2.73863043236159,50.3471306193176,-71.8075461549821,-113.55359486614
-0.260399742377662,-376.506879503597,1520.79389263595,-713.788049993426,-7.12241058162418,-85.4225223119121,194.754269646622,-434.041665383539
-0.614992480225419,44.5963139082136,-713.788049993427,1415.2106853566,5.0206887439452,-69.6094395646067,72.6558698705833,-501.394974295249
0.0135332190878205,2.73863043236158,-7.12241058162423,5.02068874394519,3.49609309807359,0.290257847049811,-18.5159264925392,-2.88200895575958
0.102576556709405,50.347130619317,-85.4225223119105,-69.6094395646088,0.290257847049813,613.056484537332,-391.022694829583,-141.348483922247
-0.657493680070178,-71.8075461549792,194.754269646619,72.6558698705893,-18.5159264925391,-391.022694829585,1461.88793036451,-1148.96676764468
0.668707783301093,-113.553594866144,-434.041665383535,-501.394974295255,-2.88200895575989,-141.348483922246,-1148.96676764467,2559.39578913041
0.00131856606658359,0.194191887735167,-0.229926605328625,-0.639187902635142,0.011559030685108,-0.0458033326486301,-0.529222982713807,0.332992603658172
0.194191887735166,499.470342915558,-426.704104153464,-53.3076552955559,0.780582196548186,53.583553511898,-143.243565610772,-59.5373878723466
-0.229926605328624,-426.704104153465,1510.43655585517,-842.398639902377,-2.24786513157218,47.0763881155072,132.682614359764,-301.030702943365
-0.639187902635144,-53.3076552955559,-842.398639902382,1753.68253653216,-3.03005777455975,-83.4922796010426,71.4951279145709,-395.199116170493
0.0115590306851081,0.780582196548284,-2.24786513157267,-3.03005777455951,3.85913964341036,2.8647804632155,-12.6564954763752,-7.95735210848802
-0.0458033326486298,53.5835535118986,47.0763881155044,-83.4922796010386,2.86478046321553,371.711227508821,-293.04396432201,-78.162066279074
-0.529222982713809,-143.243565610774,132.68261435977,71.4951279145632,-12.6564954763751,-293.043964322007,1766.01266483583,-1418.23421864633
0.332992603658176,-59.5373878723447,-301.030702943364,-395.199116170496,-7.95735210848829,-78.1620662790752,-1418.23421864633,2473.31087940475
0.000999390104800671,0.117815789752462,0.0698305634018844,-0.45982339287744,0.00442519466754286,-0.15062205903017,-0.0138573299290137,-0.364815238424034
0.117815789752462,496.531117090249,-387.454166195071,-46.5965731180186,-2.30370611206401,-84.5490774866382,137.303729550822,-215.908284398731
0.0698305634018861,-387.454166195071,1819.33075453974,-835.73605006379,3.62354862089739,19.9407279760378,9.73090337580069,-701.152316180437
-0.459823392877439,-46.596573118018,-835.736050063788,1391.27123477107,6.90563952336761,-12.1679035932547,107.102542276336,-293.13603640332
0.00442519466754278,-2.30370611206411,3.62354862089752,6.90563952336755,3.00681614957091,-2.68301849674921,-4.68114719679929,-15.8498902726018
-0.150622059030171,-84.5490774866391,19.9407279760378,-12.1679035932553,-2.68301849674922,752.72398352898,-490.323205566901,-3.54278867697758
-0.0138573299290095,137.303729550824,9.73090337580232,107.102542276332,-4.68114719679915,-490.323205566898,1777.33282237128,-1777.23352668325
-0.364815238424041,-215.908284398733,-701.152316180439,-293.136036403312,-15.849890272602,-3.54278867698274,-1777.23352668325,3664.32982564568
0.000650450559981994,-0.0195709302367946,0.0152519997406439,-0.230805123232364,0.00414889222219769,-0.0854103619995793,-0.179607428159999,-0.0250440591194823
-0.0195709302367955,388.532424686076,-451.409522455605,59.4437082730909,4.18001761516908,75.3451867060511,-36.3014301271948,-26.3065903575876
0.0152519997406471,-451.409522455606,1721.39264441165,-788.753948367428,-17.3193511402381,-114.135884736993,251.185681832174,-576.068962567469
-0.230805123232365,59.44370827309,-788.753948367422,1333.0549294274,-7.56170199665644,-47.2132061793614,-74.3667079862496,-234.310777915797
0.00414889222219772,4.18001761516907,-17.319351140238,-7.56170199665662,3.00782413326491,-1.84154541086948,-5.17166116072,12.0156151136498
-0.0854103619995793,75.3451867060521,-114.135884736994,-47.2132061793608,-1.84154541086943,663.083146757977,-500.253193529872,64.66963957541
-0.179607428159998,-36.3014301271967,251.185681832179,-74.3667079862503,-5.17166116072005,-500.253193529873,1362.909529395,-966.644601613823
-0.0250440591194845,-26.3065903575853,-576.068962567476,-234.310777915792,12.0156151136497,64.669639575412,-966.644601613822,1775.86494039056
0.000898556481676799,0.0353644451059504,0.0821759671670601,-0.573677296736745,0.0083969335999564,-0.0985554353905778,-0.152370909527384,-0.0717805696105462
0.0353644451059511,502.709040666365,-317.891458213384,5.26626990421359,1.42491392959459,157.635557717037,-21.6699108096591,-321.858412955603
0.0821759671670563,-317.891458213385,1314.60912368105,-698.323262100426,2.53423844580757,-84.6586644106436,47.8773830286038,-312.662309939451
-0.573677296736743,5.26626990421591,-698.323262100431,1471.3808591126,-1.99249787389246,-22.7266755462739,-42.9902838015528,-188.21861048186
0.00839693359995636,1.42491392959455,2.53423844580793,-1.99249787389272,1.93700313603815,0.605004659693181,-1.39852546105988,-15.2549127405336
-0.0985554353905777,157.635557717038,-84.6586644106434,-22.7266755462744,0.605004659693251,900.255142082526,-450.237473715787,-330.021099548702
-0.152370909527384,-21.6699108096604,47.8773830286065,-42.9902838015543,-1.39852546106002,-450.237473715788,1627.48859760625,-1128.74362598913
-0.0717805696105452,-321.858412955603,-312.662309939455,-188.218610481858,-15.2549127405335,-330.0210995487,-1128.74362598913,2348.9343499435
0.000632841865526081,-0.130681335767131,0.124062707085386,-0.110006928029776,0.00557204708715594,0.0525541318895746,-0.201165215238711,-0.255990051594472
-0.130681335767131,486.515275241636,-216.181818697475,-180.288241159119,1.19843334108266,-4.18866969025803,119.070526381052,-95.328086097508
0.124062707085387,-216.181818697473,1209.76751080042,-625.558384959724,11.3826409414971,-8.95202856092466,-84.0069444861503,-366.211462035933
-0.110006928029776,-180.288241159119,-625.558384959728,1562.5048137781,-7.63140758803521,-37.3683769315054,184.20962146037,-708.412558112253
0.005572047087156,1.1984333410827,11.3826409414969,-7.63140758803498,3.01671280886897,-0.270396584771468,-7.13792780372394,-12.983376394458
0.0525541318895738,-4.1886696902593,-8.95202856092335,-37.368376931504,-0.270396584771477,587.658415982308,-532.970562916901,20.3758147569442
-0.20116521523871,119.070526381055,-84.0069444861563,184.209621460374,-7.137927803724,-532.970562916898,1839.19156619197,-1348.43783518186
-0.255990051594473,-95.3280860975121,-366.211462035922,-708.412558112262,-12.9833763944578,20.3758147569423,-1348.43783518185,2600.56847034921
0.000639756663040489,-0.00804730879365101,-0.13423277172701,-0.0563282796682296,0.00545229160408329,-0.0413946060502177,-0.143029975999029,-0.169657515319018
-0.00804730879365103,362.648631943309,-413.191751588476,127.343444613535,0.996947123743896,14.3265928084152,63.1663753163155,-131.899533609797
-0.134232771727012,-413.191751588477,2217.88145043559,-1387.70578107172,0.0125210423783506,-27.6903665883142,-171.157629836213,-75.8398735545169
-0.0563282796682279,127.343444613535,-1387.70578107172,1879.49502114957,5.85915262621815,-111.026446063971,-47.6756520270523,-385.149921282769
0.00545229160408333,0.996947123743839,0.0125210423785883,5.85915262621785,2.12917941198756,1.67124684878835,-9.63723583569451,-11.2132721214258
-0.0413946060502167,14.3265928084146,-27.6903665883095,-111.026446063975,1.67124684878836,908.020251424279,-513.919183393789,-152.951114401613
-0.143029975999034,63.1663753163146,-171.15762983622,-47.6756520270438,-9.63723583569434,-513.919183393793,2061.8695985913,-1160.96124156986
-0.169657515319014,-131.899533609795,-75.8398735545212,-385.149921282769,-11.213272121426,-152.951114401608,-1160.96124156987,1883.32894304091
0.000504476109725876,0.0661108873428126,-0.146794769165526,0.0342559627194839,0.00427795848754532,-0.01888052582067,0.0680504539218738,-0.406473885167457
0.0661108873428126,368.756124916894,-504.83293449502,226.150019753271,2.73244064765919,31.7870039070696,-84.9601282728188,-88.2470773681224
-0.146794769165527,-504.83293449502,2003.54236665948,-1283.68719231474,-2.13838180784281,-107.974316068379,183.864708373982,-110.0242308488
0.0342559627194843,226.150019753271,-1283.68719231474,1841.09100274637,7.52533947641877,43.2605418457126,-259.785471885233,-506.65217118922
0.00427795848754532,2.73244064765926,-2.13838180784311,7.52533947641901,2.21333506508631,0.711994719748886,2.71934959484731,-20.8694093992291
-0.0188805258206697,31.7870039070711,-107.974316068384,43.2605418457146,0.711994719748865,639.430630510829,-389.718032493833,-152.25211293666
0.0680504539218727,-84.9601282728199,183.864708373998,-259.785471885244,2.71934959484742,-389.718032493832,1825.56468433223,-1196.88328541264
-0.406473885167456,-88.2470773681232,-110.024230848809,-506.652171189212,-20.8694093992291,-152.252112936661,-1196.88328541263,2141.32966577083
0.000566435806473088,-0.00330928229504685,0.0364330968282559,-0.180295396290842,0.006781792818505,0.0838687938982416,-0.362709106998539,-0.0969456979875014
-0.00330928229504623,387.923447319401,-443.782233331365,208.442514525048,-0.315280176291397,24.8951962613192,103.143547165311,-220.216013981258
0.0364330968282537,-443.782233331365,1990.30457433656,-1224.71801447491,-5.6819230725994,-58.1171873294937,-76.0735950506987,-147.670379594214
-0.180295396290839,208.442514525049,-1224.71801447491,1642.05489132642,5.51058076310096,173.67471439535,-376.347144821249,-199.359556439458
0.00678179281850502,-0.315280176291394,-5.68192307259945,5.51058076310099,2.05525161178582,1.88723501338568,-5.8689183010218,-9.23375984455256
0.083868793898243,24.8951962613206,-58.117187329492,173.674714395348,1.88723501338579,933.828267911377,-1136.76432165174,44.9533360188488
-0.362709106998542,103.143547165307,-76.0735950507022,-376.347144821245,-5.86891830102204,-1136.76432165175,3690.18449432586,-1616.76152958166
-0.0969456979875011,-220.216013981255,-147.670379594215,-199.359556439457,-9.23375984455246,44.9533360188563,-1616.76152958167,1874.13178894771
0.000543173782960633,0.0584744143180091,0.044709563551686,-0.0497320617024159,-0.00215892744561276,-0.0933740613034498,0.162697771252443,-0.495964466069774
0.0584744143180091,440.810031717418,-470.138553209344,158.030753452151,-5.03419052364714,-6.23782079386945,-4.86935850093838,-110.164247606316
0.0447095635516858,-470.138553209345,1505.80115787455,-756.21919207496,12.0408936921276,-57.8881558866716,41.8868690231737,-285.727159394295
-0.0497320617024163,158.030753452152,-756.219192074962,1093.00564434008,-5.19734156486264,-38.0939278669257,175.039728973112,-447.96717786766
-0.0021589274456128,-5.03419052364718,12.0408936921276,-5.19734156486261,2.83295093768473,7.6996494118607,-2.68412933792467,-13.949936280682
-0.0933740613034493,-6.23782079386887,-57.8881558866726,-38.0939278669243,7.69964941186064,782.880321445764,-716.671756374144,105.554584515008
0.162697771252442,-4.86935850093651,41.88686902317,175.039728973114,-2.68412933792454,-716.671756374142,2110.32251318328,-1440.56574333886
-0.495964466069773,-110.164247606319,-285.72715939429,-447.967177867664,-13.9499362806821,105.554584515007,-1440.56574333886,2179.48391553092
0.00041889726050768,-0.00379919330217597,0.0398193626477329,-0.177759204673736,0.0037733697014586,0.0120440592346421,-0.000162791118474104,-0.236397964775419
-0.00379919330217724,493.53400648174,-337.6309237474,37.5277922443325,6.77784760709004,-27.6390335860758,-36.3794372435589,-113.28103873888
0.0398193626477363,-337.630923747398,1455.69915859387,-785.344203442293,-0.80773865076492,9.63410197663007,-61.6202962368039,-226.318975553059
-0.177759204673737,37.5277922443323,-785.344203442292,1367.52099857279,3.67538873513486,65.0139617560976,-141.566205924791,-272.57148773604
0.00377336970145857,6.77784760709023,-0.807738650765303,3.67538873513507,1.67131580338975,4.06070588562091,0.22739892975054,-19.2725811937774
0.0120440592346426,-27.6390335860754,9.63410197662909,65.0139617560976,4.06070588562087,731.65297824445,-646.335401192069,-95.8640861611779
-0.000162791118474763,-36.3794372435558,-61.6202962368095,-141.566205924788,0.227398929750602,-646.335401192071,2049.97781644481,-941.955245330137
-0.23639796477542,-113.281038738886,-226.318975553049,-272.571487736044,-19.2725811937774,-95.8640861611762,-941.955245330139,1516.48250347651
0.000815109771572322,0.047883763620375,-0.304314850572475,-0.00953604517939756,0.00390992459076028,-0.0956320415707407,0.465191015123916,-0.72552405751055
0.0478837636203746,676.247587005219,-819.908239052767,350.559080525305,2.98209309953511,72.6212517540826,-262.765308049106,-41.5237214915272
-0.304314850572473,-819.908239052767,2448.26723039301,-1585.02340229893,-12.6398983080253,-99.8556880589477,101.659426331841,239.047858754007
-0.00953604517940177,350.559080525302,-1585.02340229893,1975.2482972659,13.9241975813779,37.1373945679439,-341.654401988452,-352.88517199173
0.00390992459076022,2.98209309953521,-12.6398983080254,13.9241975813779,2.00234210779401,2.2120919260784,6.10982822390426,-19.6752849705088
-0.095632041570739,72.6212517540845,-99.8556880589508,37.1373945679448,2.21209192607846,890.48858988781,-728.302549366183,-21.9829109203106
0.465191015123911,-262.765308049111,101.659426331848,-341.654401988455,6.10982822390431,-728.302549366185,2761.61346193536,-1608.09253591248
-0.725524057510545,-41.5237214915232,239.047858754001,-352.885171991729,-19.6752849705089,-21.9829109203078,-1608.09253591248,1998.94233637387
0.000678594814577799,0.0965474553171295,-0.171405077984786,-0.100882125169744,0.00801256944877132,-0.0234764823164445,0.329364637282653,-0.641475023489808
0.09654745531713,501.237988721588,-371.723008797761,89.2602463113505,6.58307713686769,88.0866530017483,47.5465646756836,-348.661228518853
-0.171405077984789,-371.723008797762,1364.26635555306,-841.63351779163,-1.09067042438047,-11.8040333136725,-41.845268355012,62.8461784226593
-0.100882125169739,89.2602463113529,-841.633517791631,1558.36257607017,-0.608250105860122,-198.720152114836,22.4412118765159,-412.408258361609
0.00801256944877141,6.58307713686759,-1.09067042438015,-0.608250105860496,1.75398280277407,6.76858604332658,0.349574282974463,-21.4929899403802
-0.0234764823164444,88.0866530017488,-11.8040333136731,-198.720152114836,6.7685860433266,1279.04924551652,-1085.30061507711,4.19685493409485
0.329364637282658,47.546564675683,-41.8452683550056,22.4412118765065,0.349574282974352,-1085.30061507711,2857.10883412933,-1656.21915247171
-0.641475023489814,-348.661228518853,62.8461784226514,-412.408258361596,-21.4929899403802,4.19685493409612,-1656.21915247171,2344.66259267659
0.00071842062228862,-0.184950777304015,-0.53875569151766,0.461744427876577,-0.00138787147204535,0.221198410064938,0.133143303223605,-0.610207749301245
-0.184950777304016,531.330836263493,-243.451496371246,-252.540369471578,4.50224323396531,-225.710595933267,-58.8632396346117,312.758227757873
-0.538755691517658,-243.451496371246,2327.42790017942,-1263.1292222893,4.65501460899348,-203.207143271911,-167.188730283598,70.7845626468389
0.461744427876576,-252.540369471578,-1263.1292222893,1632.42143593754,-3.29772234444471,402.868611330915,-88.4804706945032,-663.420819748694
-0.00138787147204535,4.50224323396529,4.65501460899361,-3.29772234444481,1.74506079481903,-4.03595252089587,-1.66210127560867,-5.33205192507085
0.221198410064939,-225.710595933266,-203.207143271913,402.868611330917,-4.03595252089587,860.832731391833,-548.564325683109,-361.173004971579
0.133143303223603,-58.8632396346121,-167.188730283601,-88.4804706944978,-1.66210127560865,-548.564325683113,1954.5461558471,-894.878254133341
-0.610207749301244,312.758227757873,70.7845626468426,-663.420819748699,-5.33205192507086,-361.173004971575,-894.878254133344,1619.23427541925
0.000478113697058685,-0.0117780842967483,0.0387047951491589,0.0163728819798079,0.00229991068652697,0.246214511515407,-0.276553927688022,-0.365024809238487
-0.0117780842967481,347.691434305538,-115.890949861916,-125.270742483798,4.42678463811762,-92.106757735286,104.582991996485,-93.194777298787
0.0387047951491566,-115.890949861916,1408.39007594353,-968.963709241645,23.9848176046919,-327.246708030979,116.044540331041,-191.183457245712
0.0163728819798095,-125.270742483797,-968.963709241643,1895.91042160201,-18.2041847929602,-232.206870650685,28.7713895973698,-377.105853409993
0.00229991068652706,4.42678463811763,23.9848176046923,-18.2041847929606,3.50837825637936,5.91289063238418,1.58166326732367,-26.7746103260971
0.246214511515405,-92.1067577352852,-327.246708030986,-232.20687065068,5.91289063238412,3088.06691839269,-1968.09374666091,-454.335708488396
-0.276553927688018,104.582991996483,116.044540331063,28.7713895973593,1.58166326732397,-1968.09374666092,2876.79328695498,-696.268367170417
-0.365024809238489,-93.1947772987861,-191.183457245727,-377.105853409985,-26.7746103260973,-454.335708488394,-696.268367170411,1660.75220640079
0.000509321751779409,-0.0526552298850113,0.0857271193546626,-0.277765032267761,0.00224735633550435,0.0380250804221349,0.26404196424098,-0.472681909765363
-0.0526552298850115,386.382237940073,-242.735164641241,97.5596243567757,-0.0236810872609293,-210.080640924842,-62.0583782276981,66.5995675617166
0.0857271193546626,-242.735164641241,1364.86650045967,-623.235674500146,4.35861283346756,-203.566673950855,-49.0209203712672,-277.725492480181
-0.277765032267763,97.5596243567761,-623.235674500147,1521.99175413564,1.30337144762696,-184.759275644368,-144.100447521347,-280.911456431665
0.00224735633550435,-0.0236810872609582,4.35861283346774,1.30337144762697,1.68706447908041,-1.61288519883332,-2.19207127936479,-10.0121069544188
0.0380250804221364,-210.080640924844,-203.56667395085,-184.759275644374,-1.61288519883322,2333.63530305485,-575.682361469086,-821.14897482313
0.264041964240975,-62.0583782276946,-49.0209203712765,-144.100447521335,-2.19207127936491,-575.682361469097,1881.9729553092,-1043.84758595082
-0.472681909765359,66.5995675617147,-277.725492480178,-280.911456431673,-10.0121069544187,-821.148974823121,-1043.84758595083,2204.20220441841
0.000457382569508415,-0.0153599492149616,0.122186005888819,-0.348641418963519,-0.00330210357401962,-0.00261070314815217,-0.00661471911535056,-0.177322167209651
-0.0153599492149618,391.751694078082,-327.057751962379,-13.9728680019196,1.86497628279389,1.92281073251928,-96.2710377927633,41.3881231116935
0.122186005888819,-327.057751962379,1199.39123018604,-632.703207747008,-4.78896589308196,-14.688385677902,33.5585885403856,-278.621417262101
-0.348641418963519,-13.9728680019184,-632.703207747009,1273.57955148838,4.78292629475618,-50.6926466919837,-65.7123270949215,-117.547084548291
-0.00330210357401967,1.8649762827939,-4.78896589308198,4.78292629475627,1.7421927470894,4.2851609496527,-0.899228395605644,-8.79960303541212
-0.00261070314815242,1.9228107325174,-14.6883856778984,-50.6926466919853,4.28516094965266,784.909786117881,-623.477796606443,-64.3981215095298
-0.00661471911535107,-96.2710377927586,33.5585885403783,-65.7123270949158,-0.899228395605477,-623.477796606444,2248.95623937353,-1185.28892858521
-0.17732216720965,41.3881231116902,-278.621417262097,-117.547084548295,-8.7996030354122,-64.3981215095289,-1185.28892858521,1446.99768845292
0.000404378147555792,0.0850535315700823,-0.426089238308302,0.425998457341465,-0.000334360205755768,0.0165422002787919,-0.0077718222207711,-0.42644480167488
0.0850535315700822,522.321790395446,-460.347168898983,150.02123237478,5.52695072642605,-13.233791179715,217.695778439436,-423.192161754855
-0.4260892383083,-460.347168898982,2404.55383278213,-2093.63977760315,5.21442483778122,-51.3708470467667,21.0474088776376,505.266232766623
0.425998457341464,150.021232374781,-2093.63977760315,2820.28367943389,-10.9106930009973,-23.9082164393603,-145.08868085445,-888.171323781376
-0.000334360205755746,5.52695072642602,5.2144248377815,-10.9106930009976,1.74325648127722,0.387402344877209,-0.431302051712285,-6.67018010186353
0.016542200278791,-13.2337911797163,-51.3708470467598,-23.9082164393639,0.387402344877224,584.741815504886,-555.172221617994,55.9710382639981
-0.00777182222076884,217.695778439439,21.0474088776248,-145.088680854447,-0.431302051712267,-555.172221617996,1894.92413255291,-1161.54106535219
-0.426444801674881,-423.192161754858,505.266232766631,-888.171323781378,-6.67018010186356,55.9710382640003,-1161.5410653522,1927.54625525944
0.00033543343755914,-0.00578630904799222,0.0378771307269943,-0.18407662721714,0.000497928842232224,-0.0263497330155755,-0.143535525552719,-0.045265093790782
-0.00578630904799232,434.152109754421,-380.809291417749,-59.0109075544851,-0.94232472824909,118.012433346607,189.933945988888,-233.699653605419
0.0378771307269946,-380.809291417749,1428.70232722828,-743.589494425163,0.668692025590203,-4.84806581317079,-254.836216544333,-71.2508880352322
-0.18407662721714,-59.0109075544853,-743.589494425165,1482.40944113019,3.11547070984586,-101.888641717888,-238.662937202392,-128.532086290346
0.000497928842232275,-0.942324728249101,0.668692025590228,3.11547070984578,1.80994383594674,-0.574216001425663,-5.82571317044223,-5.74207634319024
-0.0263497330155769,118.012433346606,-4.84806581316938,-101.888641717885,-0.574216001425669,625.847180029898,-502.450799942719,-58.9532620404608
-0.143535525552715,189.933945988894,-254.836216544344,-238.662937202392,-5.82571317044212,-502.450799942718,3074.05197098792,-1677.97339743117
-0.0452650937907842,-233.699653605423,-71.2508880352218,-128.53208629035,-5.74207634319034,-58.9532620404607,-1677.97339743117,1824.54150945141
0.000370957027335368,-0.0395066662798148,-0.00528439738140833,-0.0342497281045673,-0.00220405539174627,-0.112194106841819,-0.117046578051265,-0.0833429118385222
-0.0395066662798144,387.62610873452,-292.45791731165,-57.5357182306677,-1.92638180297415,-58.6283696099124,4.82735245027729,63.3911936242707
-0.00528439738140904,-292.45791731165,1183.1237883564,-643.925024028509,-1.39437205235834,-6.79105156228447,-24.2197339831146,-155.019949560871
-0.0342497281045671,-57.5357182306685,-643.925024028507,1503.12791183199,-3.05100033860318,-63.3325698114641,-179.661951825816,-406.950582441205
-0.00220405539174628,-1.92638180297414,-1.39437205235832,-3.05100033860321,2.03258419762355,1.09671961393251,18.6440244476187,-18.1053999161757
-0.112194106841819,-58.6283696099134,-6.79105156228078,-63.3325698114664,1.09671961393256,812.19857556074,-550.650104121603,-8.74058219775038
-0.117046578051265,4.82735245027516,-24.2197339831134,-179.661951825819,18.6440244476184,-550.650104121603,3055.07477062643,-1870.14779545503
-0.0833429118385221,63.3911936242747,-155.019949560878,-406.950582441198,-18.1053999161755,-8.74058219774919,-1870.14779545504,2117.40216929697
0.000525825310167466,0.0165461512658533,-0.167601997799879,-0.0692596173812906,0.000779275968798431,-0.01432113889929,-0.0507195248247897,-0.27847403851615
0.016546151265853,427.537401518093,-234.313847491041,30.6752406689967,-1.95509479595474,-20.7997410278315,20.4831457898469,-182.514832306084
-0.167601997799879,-234.313847491039,1496.15116963638,-956.305468258385,-0.760577648696551,34.9838426331773,-138.123087761717,10.3409554923678
-0.0692596173812902,30.6752406689973,-956.305468258386,1647.13257005223,-0.886012669093017,-169.432321519112,392.473238182235,-690.387969293671
0.000779275968798465,-1.95509479595472,-0.760577648696414,-0.886012669093154,1.16652516115032,5.05256814592861,7.91567578372583,-14.2539885443512
-0.0143211388992912,-20.799741027831,34.9838426331763,-169.432321519114,5.05256814592861,736.680320360408,-314.596413355611,-208.835962947822
-0.0507195248247867,20.4831457898468,-138.123087761712,392.473238182235,7.91567578372568,-314.59641335561,2835.61224204296,-2319.64225859914
-0.278474038516152,-182.514832306086,10.3409554923657,-690.387969293669,-14.253988544351,-208.835962947825,-2319.64225859913,3130.0266123533
0.000300864611404538,-0.00737985536517092,-0.00952828630528595,-0.0715073691323726,0.00204908603896172,0.0583263968803971,-0.0236769469898482,-0.259516755882021
-0.00737985536517056,366.720233949479,-292.832105972879,33.5004056016706,0.0277616862062096,-2.80901725730923,-71.4382774223089,-19.3472199053962
-0.00952828630528697,-292.832105972879,1324.31394974231,-778.129428128001,-3.90223160520029,114.618887542156,-189.917213351331,-97.8797343456112
-0.0715073691323716,33.500405601671,-778.129428128,1441.45754251292,-0.860237560839346,80.1862720105863,-126.740693920381,-452.815228919034
0.00204908603896171,0.0277616862061864,-3.90223160520029,-0.86023756083926,1.38908900805725,-4.5716679595561,4.21619013417221,-5.1698407259019
0.0583263968803972,-2.80901725730869,114.618887542155,80.1862720105864,-4.57166795955615,712.767835616529,-956.145129986403,54.9673136917855
-0.023676946989848,-71.4382774223103,-189.917213351326,-126.740693920384,4.21619013417236,-956.145129986402,2804.11310980386,-1282.17248378806
-0.259516755882022,-19.347219905395,-97.8797343456162,-452.81522891903,-5.16984072590195,54.9673136917837,-1282.17248378806,1789.91729227216
0.00044328723096829,0.0509460358020941,-0.182092135288975,-0.0293696153280428,0.00335964295294686,-0.0900641565894216,-0.261261573334057,-0.0441319628369831
0.0509460358020937,535.948374439198,-311.992620476618,157.136945232107,6.23525269876254,208.362191092785,-190.080150595825,-387.17128442466
-0.182092135288975,-311.992620476615,1373.10978606178,-659.607761049952,-5.72399816109504,136.670565286046,-36.2713600871309,-171.149291377536
-0.0293696153280437,157.136945232105,-659.607761049958,1323.15962644816,7.01513878994943,157.309027352027,-203.988150204854,-633.093837255912
0.00335964295294683,6.23525269876254,-5.72399816109515,7.0151387899495,1.50709611103059,6.16368071172398,-6.37667535106094,-16.7439150986123
-0.0900641565894216,208.362191092787,136.670565286042,157.309027352032,6.16368071172403,907.282856593597,-719.859037834131,-441.527500804045
-0.26126157333406,-190.080150595828,-36.2713600871305,-203.988150204856,-6.37667535106118,-719.859037834135,2977.32472807951,-1305.34580225017
-0.0441319628369795,-387.17128442466,-171.149291377527,-633.093837255921,-16.7439150986122,-441.52750080404,-1305.34580225018,2547.92090569668
0.000455189351868682,-0.0288328192495676,0.0313381096093113,0.0597238606834559,0.00396885429338297,-0.0839508512377848,-0.0412600114929258,-0.44858947550761
-0.028832819249567,425.474786806648,-361.543126173653,-75.8269863794429,-1.86676614432498,-43.3680218184974,-150.902955087725,210.078055826791
0.0313381096093098,-361.543126173654,1417.11178583119,-640.298980037879,3.20968576851552,132.294330407585,162.223017670009,-628.360509232162
0.0597238606834548,-75.8269863794446,-640.298980037876,1807.69629557121,1.49548113368863,338.333622103767,-173.224569746422,-1086.49130501891
0.00396885429338296,-1.86676614432501,3.20968576851547,1.49548113368875,1.43515245702835,-4.74340459537188,4.74859332290264,-14.2965106190326
-0.0839508512377851,-43.3680218184979,132.294330407587,338.333622103767,-4.74340459537189,1260.97937538513,-801.20721080086,-549.392385583069
-0.0412600114929291,-150.902955087731,162.223017670017,-173.224569746425,4.74859332290267,-801.207210800862,3555.92893587167,-2203.07034357848
-0.448589475507605,210.078055826799,-628.360509232174,-1086.49130501891,-14.2965106190326,-549.392385583067,-2203.07034357848,4077.46144181895
0.000298539836317425,-0.0395806407008983,0.16590331609413,-0.218713315823682,-0.000997064432487099,-0.0176790171925995,-0.0174865642334674,-0.210133805728602
-0.0395806407008978,358.840668208599,-246.23293795093,-85.59571770603,2.09673082998512,-11.1586733443673,-205.976128578393,196.319657771537
0.165903316094129,-246.232937950929,1705.91416152105,-1030.39742412968,-0.593860696592388,-244.023787070316,382.683769278635,-686.866111582294
-0.218713315823682,-85.5957177060308,-1030.39742412968,1581.42485244132,-5.14068827964266,210.815819924163,-15.6092921293597,-298.441425023315
-0.000997064432487035,2.09673082998512,-0.59386069659234,-5.14068827964269,1.85417527747215,0.407334713069297,8.36701306300255,-12.4986205928294
-0.0176790171925995,-11.158673344367,-244.023787070318,210.815819924165,0.407334713069374,831.589735485525,-703.807129935398,-26.8371034871233
-0.0174865642334678,-205.976128578397,382.683769278646,-15.6092921293634,8.36701306300212,-703.807129935401,3093.48533873466,-2200.8694234659
-0.210133805728602,196.319657771542,-686.866111582305,-298.441425023311,-12.498620592829,-26.8371034871209,-2200.86942346591,2887.56128385291
0.000338996353304215,-0.00636061259989896,0.12321550986068,-0.0512074907312101,0.00144651022633749,-0.105885880206607,0.219953115871139,-0.519481454194977
-0.00636061259989943,443.073553823837,-381.752326370273,-57.3194266799451,4.35275226645555,74.311066181712,-186.93895734899,75.0846372315581
0.123215509860682,-381.752326370273,1458.49998597838,-636.93084958483,-8.06123797939545,-203.226380522532,379.723239635621,-611.274573900238
-0.051207490731211,-57.3194266799441,-636.930849584834,1553.87128139209,0.130214098525937,-206.484682751834,342.686821744253,-783.962614234468
0.00144651022633753,4.35275226645558,-8.06123797939538,0.130214098525846,1.51501146178208,1.03311868118897,-13.0946386296534,3.15569240134465
-0.105885880206607,74.3110661817108,-203.226380522526,-206.484682751838,1.03311868118896,912.080011946962,-1228.09119775999,661.890208833973
0.219953115871137,-186.938957348984,379.723239635596,342.686821744267,-13.0946386296533,-1228.09119775999,4144.43524994027,-3082.87888548192
-0.519481454194976,75.0846372315527,-611.274573900217,-783.96261423448,3.15569240134461,661.890208833973,-3082.87888548192,3724.12917520852
0.000359801526276628,0.0326574445637635,-0.0334959033897254,-0.0913079199726149,-0.00265595812843962,0.0273982656946707,-0.219588439790874,-0.139047748774971
0.0326574445637635,579.035803536757,-479.658465877557,145.555645240538,-12.4316840237586,36.7410867707884,-25.7771898118968,-176.298366971198
-0.0334959033897251,-479.658465877556,1799.37170625275,-980.009867382376,41.0788199847082,-120.356194289315,-289.409278364263,-100.741032527444
-0.0913079199726149,145.555645240539,-980.009867382378,1526.90214655137,-14.9528265211502,35.3566768229887,-68.0530013598864,-361.741051607207
-0.00265595812843965,-12.4316840237586,41.0788199847081,-14.95282652115,4.66677036278436,-5.94749044034652,-18.8929124218198,-12.0787082487925
0.0273982656946703,36.7410867707881,-120.356194289316,35.3566768229885,-5.94749044034655,779.62415851602,-602.096753132153,-84.2145150694835
-0.219588439790871,-25.7771898118973,-289.409278364258,-68.0530013598829,-18.8929124218195,-602.096753132149,3033.75872701411,-1439.7667022517
-0.139047748774973,-176.298366971199,-100.741032527444,-361.741051607212,-12.0787082487926,-84.2145150694893,-1439.76670225168,2050.8812860602
0.000378989424573449,0.107827317451978,-0.200835333859628,0.197543975051205,0.00450711193396207,0.0930177978274384,-0.268485663139201,-0.391075294781206
0.107827317451977,764.14093565888,-983.869714628721,596.88300366577,2.74596592502447,-156.384800704987,63.1046274292895,-383.025371509405
-0.200835333859625,-983.86971462872,2838.9556816315,-1696.44818929716,-7.13006020208601,-260.671086832282,-169.240158702985,509.058977389879
0.197543975051201,596.883003665769,-1696.44818929716,2121.23395659475,0.838421686630539,97.7973646760774,-203.294389066917,-1009.14118449663
0.00450711193396205,2.74596592502441,-7.13006020208591,0.838421686630574,1.29447870142682,-1.88220919666454,0.798084516205952,-8.91383455592829
0.0930177978274398,-156.384800704984,-260.671086832289,97.7973646760831,-1.88220919666446,1276.07497940567,-831.971877351091,-151.4906664947
-0.268485663139206,63.1046274292843,-169.24015870297,-203.294389066925,0.7980845162056,-831.971877351091,3665.53220958226,-1875.96648828725
-0.391075294781202,-383.025371509404,509.058977389877,-1009.14118449663,-8.91383455592801,-151.490666494697,-1875.96648828725,2971.93485845587
0.000300241534078496,-0.0753040954449576,0.0934993359876965,-0.122714269878907,0.00122667858720909,-0.0237418437272802,-0.12270989159936,-0.134154285650544
-0.0753040954449575,438.517118582547,-345.685977413491,2.20111563595972,-2.50262969609978,-22.1377180473505,92.2115042092933,-37.5580391247518
0.0934993359876972,-345.685977413492,1704.96629935819,-990.149087575809,9.5343093587811,-170.077758716906,-110.276173948275,-227.881603573485
-0.122714269878907,2.20111563595944,-990.149087575806,1606.32867106467,-5.014753002588,42.9737106123326,-9.29895612631826,-377.872139783722
0.00122667858720913,-2.5026296960998,9.53430935878118,-5.01475300258819,1.56041709345494,-1.51044686798933,-1.42270075700974,-9.43058039724447
-0.0237418437272799,-22.1377180473501,-170.077758716906,42.9737106123342,-1.51044686798935,883.132969473417,-507.34913627502,-130.84610349677
-0.12270989159936,92.2115042092929,-110.276173948275,-9.29895612631962,-1.42270075700955,-507.349136275025,2346.90480305651,-1432.67584502494
-0.134154285650545,-37.5580391247506,-227.881603573488,-377.87213978372,-9.43058039724468,-130.846103496763,-1432.67584502494,2102.56247515209
0.000291718932908633,-0.0555860395162331,0.148100168810271,-0.18983737265161,0.00227626280913938,0.0362454453675823,-0.223401870707722,-0.106849178399938
-0.055586039516233,730.949098569779,-800.827540920979,167.430750837805,2.67561150856396,-108.85022865666,112.2660919232,-42.9081765630288
0.148100168810271,-800.82754092098,2371.0411477234,-995.826645341058,6.07721921893151,-10.9106529241021,-586.65558588099,-151.218700276974
-0.18983737265161,167.430750837805,-995.826645341058,1373.93813352407,-0.201416993821367,-51.5979867356466,18.9917600135857,-218.009565413198
0.0022762628091394,2.67561150856402,6.07721921893138,-0.201416993821268,1.07040865694074,-1.34314229300665,-10.4800051814723,-5.72134200638426
0.0362454453675833,-108.850228656662,-10.9106529240984,-51.5979867356496,-1.34314229300664,789.463539320768,-516.312179349531,-104.934184831213
-0.223401870707725,112.266091923204,-586.655585880998,18.9917600135883,-10.4800051814726,-516.312179349534,3289.0228429108,-1733.67727846881
-0.106849178399936,-42.9081765630303,-151.21870027697,-218.009565413198,-5.72134200638401,-104.93418483121,-1733.67727846882,2127.61139401478
0.000367531169459958,0.0904859679015019,-0.0839579516986476,0.0167423086011406,0.000308036238602544,-0.0277491065710031,-0.239492568868957,-0.232827148916592
0.0904859679015021,443.668721741834,-330.760154806841,74.6995013230184,2.10517889575594,-23.496460050011,-336.103755019514,19.6019264471012
-0.0839579516986478,-330.760154806842,1604.10410486534,-943.885354928158,-1.1732455866606,-166.383355702031,31.4441772265202,-48.9749184612966
0.0167423086011408,74.6995013230195,-943.88535492816,1591.63609042627,-9.28480853616986,-66.6988462450242,-84.545040117286,-471.562716959511
0.00030803623860256,2.10517889575601,-1.17324558666077,-9.28480853616988,1.87421225745123,-1.0575473475157,0.11563763405201,-3.48763288521288
-0.027749106571004,-23.4964600500118,-166.383355702031,-66.6988462450255,-1.05754734751572,789.395924913556,-503.51009876711,42.0722285908711
-0.239492568868956,-336.103755019514,31.4441772265182,-84.5450401172832,0.115637634052196,-503.51009876711,3501.76137472443,-1974.51327330517
-0.232827148916592,19.601926447101,-48.9749184612933,-471.562716959513,-3.48763288521312,42.0722285908675,-1974.51327330516,2425.4127086305
0.000276315548028685,0.0133057189029287,0.00117848491732852,-0.10774954296607,0.00317502904459797,-0.0189087750533412,-0.0900007774224478,-0.17911211497804
0.0133057189029288,563.464828825045,-538.190904781332,177.70289377207,0.174662667371392,71.1968539456363,87.5289258700551,-324.022770364847
0.00117848491732821,-538.190904781332,1827.45601483412,-1102.30735249755,0.945240625294808,-191.940656879907,-85.4641571968187,68.7487516782343
-0.10774954296607,177.70289377207,-1102.30735249754,1534.46036485193,-1.77717628597353,56.3308222973469,-227.15731508435,-228.702518868167
0.00317502904459797,0.174662667371431,0.945240625294696,-1.77717628597345,0.986125416263863,-3.29127555992105,-1.59523601774432,-5.06626467769978
-0.0189087750533414,71.1968539456352,-191.940656879904,56.3308222973466,-3.291275559921,1108.17931065544,-791.791174320763,-155.713007855878
-0.0900007774224451,87.5289258700597,-85.4641571968245,-227.157315084348,-1.59523601774425,-791.791174320764,3556.63978966405,-2098.09171577681
-0.179112114978042,-324.02277036485,68.7487516782368,-228.702518868169,-5.06626467769986,-155.713007855876,-2098.09171577681,2631.02653552947
0.000383003091939955,0.0418948819264865,-0.0374727284855036,-0.104717240653066,0.00519231096621901,-0.00778928241957498,0.05665978937469,-0.46733517857905
0.0418948819264868,674.8318282062,-707.161583276318,384.401451231302,4.92941611471124,-310.98527093808,284.433745189035,-360.194490021004
-0.0374727284855038,-707.161583276318,2330.80288758793,-1664.89384274511,-7.79179068998051,405.997677351652,-89.814945243413,-135.450135563261
-0.104717240653066,384.401451231303,-1664.89384274511,2522.29668359528,7.67191218541742,-429.228876089234,-166.598379760353,-488.589944951279
0.00519231096621901,4.92941611471121,-7.79179068998043,7.6719121854173,1.0265896557492,-3.76275765951725,1.47330549885517,-14.9610002460441
-0.00778928241957614,-310.98527093808,405.997677351649,-429.228876089232,-3.76275765951727,1587.18341564757,-1721.19070409324,485.179726458979
0.0566597893746951,284.433745189036,-89.8149452434079,-166.598379760357,1.47330549885545,-1721.19070409324,5284.735631536,-3266.2830096382
-0.467335178579054,-360.194490021004,-135.450135563263,-488.589944951276,-14.9610002460444,485.179726458978,-3266.28300963819,3994.21637357008
0.000287206951558869,0.0045335977547874,-0.0436741844298962,-0.118814458368666,0.00479524152910694,-0.164243474809452,0.139175404060362,-0.242010565429698
0.0045335977547872,568.231036311702,-494.058829028909,-59.5956396708344,-0.659007391941152,-209.555746702621,229.447169332801,-40.3271490877173
-0.0436741844298964,-494.058829028909,1662.40958643413,-974.279053964344,-3.3737743129931,51.0685919761773,144.49143113468,-266.059380399714
-0.118814458368665,-59.5956396708355,-974.279053964341,2233.89994137719,6.25636514857706,585.773552192202,-717.336274611987,-784.721310540999
0.00479524152910697,-0.659007391941181,-3.37377431299305,6.25636514857704,0.976216195242175,0.0705138318779366,-0.737642675185506,-13.7362118732947
-0.164243474809451,-209.555746702622,51.0685919761826,585.7735521922,0.07051383187791,2695.75852669363,-1927.76791725369,-714.881277812343
0.139175404060361,229.447169332803,144.491431134678,-717.336274611988,-0.737642675185586,-1927.7679172537,4000.8021794748,-1768.10142584341
-0.242010565429699,-40.3271490877175,-266.059380399719,-784.721310540994,-13.7362118732945,-714.881277812332,-1768.10142584342,3506.09081011723
0.000374185113566076,0.0104595805009791,0.153276887795754,-0.215490447610131,0.00526546275428041,-0.0348098942791223,-0.0773068009014105,-0.360123269807623
0.010459580500979,419.936703387394,-205.620727861186,5.5376064870593,3.49928505295074,49.5258689569536,-262.582009214802,-39.7014102639877
0.153276887795752,-205.620727861185,1625.39086874513,-1101.99862659539,1.54975146209814,-160.412931425413,-9.61863211180968,-340.526423774528
-0.21549044761013,5.53760648705926,-1101.99862659539,1798.20077452604,-1.17445179970735,319.671351008669,-614.728474859077,-74.2266195834964
0.00526546275428041,3.49928505295075,1.54975146209801,-1.1744517997073,0.963217988705568,0.191034123068393,-7.97593636036028,-9.50716882643037
-0.0348098942791217,49.5258689569547,-160.412931425416,319.671351008671,0.191034123068516,1287.85460833847,-2105.1924724956,602.201083565753
-0.0773068009014111,-262.582009214805,-9.61863211180425,-614.728474859084,-7.97593636036064,-2105.1924724956,7399.03949422463,-3769.2680400219
-0.360123269807623,-39.701410263987,-340.52642377453,-74.2266195834909,-9.50716882643023,602.201083565756,-3769.26804002191,3748.95501046169
0.000438754512031125,-0.143599453331251,0.0674913158099994,-0.10138917514833,0.00760509188118991,-0.12509799569633,-0.0763051860058111,-0.278583094841354
-0.143599453331251,603.701787454191,-227.593614652958,-87.9704848852408,-10.1072408265549,-42.0434017187283,243.355156144143,-175.142717197646
0.0674913158099975,-227.593614652957,1862.95843448721,-1467.75920822051,-3.72405881691501,-139.734388220388,203.363421028864,-259.551255811783
-0.101389175148328,-87.9704848852419,-1467.75920822051,2299.99728618095,7.68119529628723,313.64988677866,-577.470026359086,-353.523173327859
0.00760509188118992,-10.1072408265549,-3.72405881691494,7.68119529628714,1.82758644660067,-12.0027865223692,3.4530603104122,-9.29664809397315
-0.125097995696332,-42.0434017187301,-139.734388220379,313.649886778652,-12.0027865223692,2403.69382125687,-2108.15463072176,-73.5611306186291
-0.0763051860058085,243.355156144145,203.363421028859,-577.470026359082,3.45306031041214,-2108.15463072175,4153.30330806824,-1657.30267768485
-0.278583094841356,-175.142717197645,-259.551255811792,-353.523173327851,-9.29664809397313,-73.5611306186359,-1657.30267768484,2656.2255280441
0.000240706506056217,-0.0365979249461843,-0.0203350728380071,-0.131643573680597,0.000748122914702563,-0.00286468839770506,0.079044386372716,-0.213582019738627
-0.0365979249461841,398.536437748626,-420.468261348184,34.0580543397429,0.068433754775702,-6.32638335042164,-63.6118588976199,102.928041373032
-0.020335072838008,-420.468261348184,1547.06967892202,-659.012485742718,0.522243756117527,-34.4109316465027,108.10824928686,-469.373856165223
-0.131643573680597,34.0580543397424,-659.012485742716,1285.01079505723,-1.12745453692748,-9.286083024184,-10.7156029212967,-428.542002117011
0.000748122914702537,0.0684337547756449,0.522243756117661,-1.12745453692749,0.919479960472039,-0.874305976085433,-0.783760740336094,-5.44477863869997
-0.002864688397705,-6.32638335042023,-34.4109316465058,-9.28608302418246,-0.87430597608539,852.81746107814,-607.948408140047,-134.694708003364
0.079044386372716,-63.6118588976254,108.108249286874,-10.715602921303,-0.783760740336111,-607.948408140046,2710.22700288474,-2015.4407308389
-0.213582019738627,102.928041373037,-469.373856165236,-428.542002117005,-5.44477863869995,-134.694708003365,-2015.4407308389,2994.3071888524
0.000320147266752346,0.118113814603828,0.00128151612575903,-0.221195670662016,0.00317024572924946,-0.0316607373660191,0.104682896642575,-0.417897586838083
0.118113814603828,516.407407116068,-524.083194599497,228.562955428878,-0.573676551859726,-71.9283486023107,-3.70203261037774,-293.021533966057
0.00128151612575928,-524.083194599499,2121.4972400244,-1240.38137823171,2.54122478537909,21.5663781391083,0.359730324510807,-342.051024983258
-0.221195670662015,228.562955428879,-1240.38137823171,2030.55898211475,-2.56458724210588,231.791138760784,-256.026692662665,-624.46479137141
0.00317024572924946,-0.573676551859818,2.5412247853793,-2.56458724210597,0.834831766520357,0.318033833610327,-4.33529346284487,-5.94822541795273
-0.0316607373660194,-71.9283486023107,21.5663781391066,231.791138760787,0.31803383361027,684.831767790973,-608.741725741858,-207.730000472726
0.104682896642578,-3.7020326103776,0.359730324518423,-256.026692662674,-4.33529346284472,-608.741725741861,2343.28661793814,-1421.46585944991
-0.417897586838086,-293.021533966056,-342.051024983269,-624.4647913714,-5.94822541795279,-207.730000472723,-1421.46585944991,3253.28395040541
0.000271264219876144,-0.0333350118754852,-0.0403025445173165,0.0405541136200703,0.00307476787935464,0.0826898967525696,-0.144340706097129,-0.300449043757111
-0.0333350118754854,525.138305078752,-291.380457351274,-109.410174312047,-2.72530018339259,-27.9195333293494,66.9810450944674,-76.6464518095892
-0.0403025445173166,-291.380457351277,1707.8952342352,-1081.28974975455,0.259037904981723,-21.4924666070179,22.1840837442331,-244.903348622488
0.0405541136200705,-109.410174312045,-1081.28974975455,1892.29420417319,4.37485613856938,120.121616639521,-423.76111258324,-472.901417595481
0.00307476787935464,-2.72530018339254,0.259037904981637,4.3748561385694,1.05750847508928,3.29051316823949,-8.08171274815544,-8.69529662977405
0.0826898967525698,-27.9195333293481,-21.4924666070203,120.121616639522,3.29051316823945,1032.92698926846,-939.046918499901,-248.118061870578
-0.14434070609713,66.981045094462,22.1840837442431,-423.761112583244,-8.08171274815533,-939.046918499905,3245.29432270003,-1561.48427032371
-0.30044904375711,-76.6464518095855,-244.903348622494,-472.90141759548,-8.69529662977414,-248.118061870574,-1561.48427032371,2858.58950264754
0.000451715854236659,0.101655121189931,-0.248020597368788,0.00931235866256546,0.00728979492889962,-0.297732098060849,0.484737004452161,-0.718364079290145
0.101655121189931,457.906463997782,-636.078066653899,54.197385684819,4.74042148221262,-269.421861642281,-29.6858132497711,194.776827748124
-0.248020597368788,-636.078066653899,2219.01661666265,-915.604954881878,-11.9719216778821,711.066416224248,-302.955489647043,-539.632967645741
0.0093123586625664,54.1973856848179,-915.604954881875,1432.66401271774,5.77960014618547,-312.924516429133,271.31566998962,-563.46088030708
0.00728979492889957,4.7404214822126,-11.971921677882,5.77960014618545,1.26598890841053,-6.8929371942517,-7.52320347569711,-4.45722445519772
-0.297732098060849,-269.421861642282,711.066416224248,-312.924516429133,-6.89293719425172,1721.53083139645,-1652.98729581282,335.358289128743
0.484737004452163,-29.6858132497713,-302.955489647036,271.315669989616,-7.52320347569696,-1652.98729581282,5717.78716875241,-4314.06397875218
-0.718364079290148,194.776827748125,-539.632967645751,-563.460880307073,-4.45722445519789,335.358289128746,-4314.06397875217,5533.88285527198
0.000317193889218964,0.0744202706347165,-0.0220709729715052,0.0107294532938638,0.00548198674994608,-0.146898286001922,-0.0737524279674644,-0.340536768705399
0.074420270634716,566.56519299822,-594.663056045301,266.650298548007,2.3456609540833,-304.510690305281,-93.8128718099865,24.9021857488598
-0.0220709729715043,-594.6630560453,2180.62653253503,-1337.88700858242,1.80581416220882,273.387751209625,236.775209314625,-699.948995358477
0.0107294532938629,266.650298548006,-1337.88700858243,2090.19123460185,7.83872618751602,-233.672764953065,-606.849980493916,-253.839609225328
0.00548198674994608,2.34566095408337,1.80581416220864,7.83872618751615,1.65017222570096,-5.36105267718533,-2.16894958229599,-23.9193307612262
-0.146898286001923,-304.510690305281,273.387751209624,-233.672764953065,-5.36105267718537,1349.59034386756,-485.530824732778,-304.067473189549
-0.0737524279674666,-93.8128718099877,236.77520931462,-606.849980493911,-2.16894958229577,-485.530824732777,3818.41488893186,-2578.49918982309
-0.340536768705396,24.9021857488588,-699.948995358467,-253.839609225337,-23.9193307612264,-304.067473189551,-2578.49918982309,4285.16703103709
0.000291421995910244,0.0875966546863039,-0.225227214325803,-0.0326183694760414,0.00148696141106298,-0.03629284237247,-0.0107618733352303,-0.2119404820031
0.0875966546863035,410.766342998384,-559.634120620512,158.662711474279,1.05699442691887,-143.043255918367,-396.466947474392,355.315241779519
-0.225227214325801,-559.634120620511,3419.24959338102,-1695.83780270421,-2.40446036653516,-46.7693849675818,452.269885717548,-1115.22412761111
-0.0326183694760425,158.662711474276,-1695.8378027042,1790.51431462312,4.66636408879471,-269.183368432916,209.877832957308,-177.344319831744
0.00148696141106298,1.05699442691889,-2.40446036653512,4.66636408879474,0.856145051075968,-1.26557380222941,-6.31357965122233,-4.1332022986661
-0.0362928423724693,-143.043255918366,-46.7693849675825,-269.183368432916,-1.26557380222937,1267.49908057321,-394.570623701593,-353.449987053864
-0.010761873335231,-396.4669474744,452.269885717565,209.877832957294,-6.31357965122232,-394.570623701593,4242.55699479139,-3782.33327451607
-0.2119404820031,355.315241779527,-1115.22412761112,-177.344319831732,-4.13320229866608,-353.449987053864,-3782.33327451608,5115.09478956779
0.000236983038978263,0.00920164148351672,0.0213944656276977,-0.116733592672622,0.000956331483427685,-0.0698267809071039,-0.104713850906968,-0.0865972704242558
0.00920164148351656,306.097631493744,-268.196388265726,-25.3840318676957,-0.661433062383101,-35.7046659486738,43.4697250302409,-27.6937028638939
0.0213944656276979,-268.196388265726,1320.49724622209,-652.183102273752,2.84023442024375,6.32867430244128,-243.093196399427,-220.68070270376
-0.116733592672622,-25.3840318676957,-652.18310227375,1408.91405627959,0.438620423049201,-142.631507124048,-507.912601055422,45.8527969794178
0.000956331483427645,-0.661433062383095,2.84023442024354,0.438620423049452,1.26045868277384,-1.79989271538379,-15.1087385435268,2.91467192526632
-0.0698267809071037,-35.7046659486733,6.32867430244074,-142.631507124048,-1.79989271538392,1233.53929080557,-15.4936158589391,-852.07428305197
-0.104713850906968,43.4697250302405,-243.093196399424,-507.912601055428,-15.1087385435265,-15.4936158589417,3948.67863893121,-2781.23689567542
-0.0865972704242563,-27.6937028638944,-220.680702703763,45.8527969794234,2.91467192526612,-852.074283051968,-2781.23689567543,3775.17502786308
0.000512814796798726,-0.356254283915587,-0.0778438378456782,0.358045173531538,0.00122316372140061,0.106176241811385,-0.464550362148294,-0.314998205994402
-0.356254283915587,1251.8295597358,192.96288492096,-1585.30146264465,-4.47792411281086,-411.629837495802,800.260535071457,322.190274652237
-0.0778438378456797,192.962884920965,1582.27998066834,-1495.36018923529,2.17405756880939,-98.3014205336591,261.5858385773,-332.468154093083
0.358045173531539,-1585.30146264465,-1495.36018923529,3840.31175445656,2.78911728248152,645.741851086623,-1376.50411356458,-612.520749875576
0.00122316372140058,-4.47792411281073,2.17405756880941,2.78911728248133,1.12617659433936,2.54373486444033,-2.93092821115398,-9.98293176631677
0.106176241811385,-411.629837495802,-98.3014205336552,645.741851086619,2.54373486444035,878.907417476527,-964.049102132703,-241.789772423815
-0.464550362148295,800.260535071457,261.58583857729,-1376.50411356457,-2.93092821115394,-964.049102132706,3416.37707443637,-1327.86480063467
-0.3149982059944,322.190274652234,-332.468154093081,-612.520749875577,-9.98293176631691,-241.789772423812,-1327.86480063467,2666.40593591417
0.000314317649096871,0.0854367698814958,-0.40782301817573,0.358358281201985,0.00467236741396581,0.0820864904433091,-0.657636058451166,0.0294466787827479
0.085436769881496,702.904982844182,-390.881651339159,-215.746292929901,6.12761785469729,-118.554684598432,610.833663356337,-734.027331520255
-0.40782301817573,-390.881651339161,3692.09669320446,-2632.46337037241,-26.1982753700642,-169.757371850863,834.337478029747,-490.407818064405
0.358358281201985,-215.7462929299,-2632.46337037241,3207.98861671906,18.943567006035,186.634803445619,-2225.07649045025,900.227140497584
0.00467236741396584,6.12761785469724,-26.1982753700639,18.9435670060348,1.91113378879468,11.432331479235,-11.7045080859697,-18.9563220099183
0.0820864904433095,-118.554684598433,-169.757371850864,186.634803445621,11.432331479235,994.540674874578,-1332.50902022098,223.802126815985
-0.657636058451165,610.833663356337,834.337478029743,-2225.07649045025,-11.7045080859701,-1332.50902022098,8195.84702626291,-4773.8799115603
0.0294466787827468,-734.027331520252,-490.407818064404,900.227140497583,-18.9563220099179,223.802126815985,-4773.87991156031,4823.15416362291
0.00038719752011718,0.0918897769711971,-0.059015068529102,-0.0467639414523859,0.0035332289064701,0.0174534281178081,-0.303036133601191,-0.285315046737701
0.0918897769711965,427.564132589264,-463.871085117229,184.370463946682,4.38648600692593,-15.4290178741813,-341.589716004253,36.6235116623484
-0.0590150685291006,-463.871085117227,3065.89748730113,-2138.31980331401,-4.3727561376344,376.868734209257,-588.120867557623,-129.084672425378
-0.0467639414523869,184.370463946681,-2138.319803314,2727.36560712016,9.56832162506038,-564.295192609276,-255.233966329872,-2.50075313323479
0.0035332289064701,4.38648600692592,-4.37275613763428,9.56832162506024,1.21002408384591,-0.789717650291301,-7.63022053277717,-15.5576563526953
0.017453428117808,-15.4290178741812,376.868734209262,-564.295192609282,-0.789717650291324,2356.34111691849,-1594.31484858786,-558.476898854204
-0.303036133601189,-341.589716004251,-588.120867557637,-255.233966329863,-7.63022053277748,-1594.31484858786,6949.36366063992,-3567.0780382584
-0.285315046737701,36.623511662345,-129.084672425369,-2.50075313323651,-15.557656352695,-558.476898854209,-3567.0780382584,4711.06938850137
0.000275513929029394,0.0413446528380912,-0.00162696121498416,-0.0520998178538443,5.49532023365825e-05,-0.0020320290509805,-0.0544666655959745,-0.325946780958858
0.0413446528380911,526.655938828505,-501.819063971765,125.579747037663,0.257353068506704,-247.962956453634,-194.342205673356,229.531794637821
-0.00162696121498283,-501.819063971767,2175.93846887234,-1239.44618254134,0.208447005369356,-44.6114617688029,-348.123413881757,-44.2973284303123
-0.0520998178538454,125.579747037665,-1239.44618254134,1888.6048070672,-1.28690956513667,-387.78198399254,108.201924091504,-442.6633057008
5.4953202336586e-05,0.257353068506708,0.208447005369294,-1.28690956513667,1.27521328907093,-5.06607159082473,-1.17730625676566,-2.10981693807006
-0.00203202905098046,-247.962956453635,-44.6114617688058,-387.781983992538,-5.06607159082492,3480.39738962707,-1569.85624612429,-1128.47966823397
-0.0544666655959748,-194.342205673353,-348.123413881765,108.201924091513,-1.17730625676536,-1569.85624612429,5580.62692569176,-3468.94055963571
-0.325946780958858,229.531794637819,-44.2973284303026,-442.663305700809,-2.10981693807024,-1128.47966823398,-3468.9405596357,5328.5530940785
0.000344060518479163,0.118837742332901,-0.18841377144213,0.00615739441615123,0.0033815167968741,-0.0339591414366743,0.417048514893806,-0.831406798120461
0.118837742332901,611.284104564789,-791.791313760223,320.92931717157,1.5796682802687,-100.921249421518,484.555712648677,-712.930673723048
-0.188413771442131,-791.791313760225,2906.67128613736,-1589.63817373675,-10.919062828958,12.9536167034827,-1671.51977402965,1473.64981553137
0.0061573944161529,320.929317171572,-1589.63817373676,1850.90607022368,10.8259250211895,-413.11621015936,428.183421089736,-706.211195665131
0.00338151679687411,1.57966828026878,-10.9190628289584,10.8259250211898,1.94237498730456,-1.49389593877826,11.2662355832424,-30.0305307213817
-0.0339591414366751,-100.921249421519,12.9536167034793,-413.116210159356,-1.4938959387783,2322.65210390849,-452.030002145279,-1261.12063193107
0.417048514893807,484.555712648682,-1671.51977402965,428.183421089732,11.2662355832425,-452.030002145276,6502.39035037225,-5949.16897014341
-0.831406798120462,-712.930673723054,1473.64981553137,-706.211195665132,-30.0305307213818,-1261.12063193108,-5949.1689701434,8563.9402539213
0.000411445983850609,-0.116931749667244,0.053985034608036,-0.108187241846459,-0.00436210284055619,0.105575594401884,0.183248229577664,-0.601045513922566
-0.116931749667244,347.195736700504,-183.8890628823,-48.7206634877171,3.29309131867485,-34.4743330297057,1.58792844142838,58.5328273566987
0.053985034608036,-183.8890628823,1177.74846811607,-823.163810268441,5.2990359496769,-140.656252704726,76.8590829181401,-270.723995069406
-0.108187241846457,-48.7206634877177,-823.16381026844,1869.26928271592,-17.7883943884469,191.432854829678,-449.15235374777,-698.838523432881
-0.00436210284055617,3.29309131867488,5.299035949677,-17.7883943884471,1.7716253139614,-7.37643582843548,-13.4880318611131,25.7245194613053
0.105575594401885,-34.4743330297063,-140.656252704726,191.43285482968,-7.37643582843551,1315.05673960018,-976.422901875966,-423.182160395604
0.183248229577669,1.58792844143048,76.8590829181393,-449.152353747788,-13.488031861113,-976.422901875969,6441.83053596105,-5190.59750136231
-0.601045513922573,58.5328273566975,-270.723995069405,-698.838523432861,25.7245194613051,-423.182160395602,-5190.59750136233,7427.38457812136
0.00028319056014824,0.000873714445929315,-0.101130442309775,-0.0530548161586474,-0.00221250896979978,-0.0690216306912729,0.166906645034496,-0.310767692982596
0.000873714445928945,460.172944402078,-509.852541587662,55.3207281391713,2.11770868562152,49.0527166713329,46.4842797838888,-117.112492830107
-0.101130442309774,-509.852541587663,2333.53470104135,-1052.10146745363,1.22539252981157,75.6136428726583,-838.74311923421,49.7005108390605
-0.053054816158647,55.3207281391703,-1052.10146745363,1650.9406452633,-7.01743101717426,287.451673350091,-857.229975849225,-85.0763629976423
-0.00221250896979979,2.11770868562152,1.22539252981167,-7.01743101717423,1.50084547034981,4.66142372622569,-21.418316221819,13.1945361797283
-0.0690216306912718,49.0527166713313,75.6136428726644,287.451673350084,4.66142372622565,1124.30919619747,-2898.80096408061,1300.33505558085
0.166906645034493,46.4842797838932,-838.743119234236,-857.229975849198,-21.418316221819,-2898.80096408062,12322.9497907708,-7573.07979033985
-0.310767692982595,-117.112492830108,49.7005108390779,-85.0763629976594,13.1945361797285,1300.33505558085,-7573.07979033984,6863.3799102899
0.000310868283868277,0.00586281386605114,0.0571272595527747,-0.103802349697471,0.00104770801140332,-0.135453533610395,0.133642695915304,-0.397409866491803
0.00586281386605113,335.032158908477,-342.240492817186,15.1603972279923,0.636930048871868,162.569668565342,-30.3305893226663,-165.638073698588
0.0571272595527745,-342.240492817187,1693.91969553529,-864.764068366438,0.550755971348322,105.416801869128,-580.078633317916,-111.496784849692
-0.103802349697471,15.1603972279943,-864.764068366444,1829.77453525649,-1.4290149370897,-296.404356246886,344.074273992826,-1015.90841910129
0.00104770801140331,0.636930048871901,0.550755971348135,-1.42901493708966,1.05706771148711,5.20566757466582,-7.68901778963201,-6.49952890100761
-0.135453533610395,162.569668565341,105.416801869124,-296.40435624688,5.20566757466591,1607.1850077099,-1625.2826938031,207.575286414638
0.133642695915304,-30.3305893226604,-580.07863331791,344.074273992813,-7.68901778963217,-1625.2826938031,6077.64949534034,-4490.77332854228
-0.397409866491802,-165.638073698595,-111.496784849687,-1015.90841910129,-6.49952890100768,207.575286414638,-4490.77332854228,6590.59693545782
0.000551781279073227,0.073433096964632,-0.00676419562275044,-0.132686704254249,0.00807490592388859,-0.217418955096606,0.233573525720077,-0.765173133784844
0.073433096964632,528.735749606914,-352.703703791109,-250.445618291575,5.61246925865455,106.232686406138,-233.86833536122,60.585554440158
-0.00676419562275015,-352.703703791107,1605.13386851112,-1015.63045180927,-4.6239698563074,-109.997946951106,30.2687358798623,-120.499795515295
-0.13268670425425,-250.445618291577,-1015.63045180927,2318.5794692798,-1.36021746203423,-141.79454763498,74.4671537017692,-918.352204407244
0.00807490592388855,5.61246925865452,-4.62396985630731,-1.36021746203434,1.25669603234306,3.45569306286688,-0.971072550451524,-23.5536116396708
-0.217418955096605,106.232686406139,-109.997946951108,-141.794547634981,3.45569306286693,3328.99730165548,-1630.91478573853,-1341.67619961309
0.233573525720073,-233.868335361224,30.2687358798673,74.4671537017785,-0.97107255045129,-1630.91478573851,5079.07263802962,-3806.22271536282
-0.765173133784839,60.5855544401608,-120.499795515297,-918.352204407253,-23.5536116396712,-1341.67619961311,-3806.2227153628,7820.53249683483
0.00028259350166429,-0.0668081548088226,0.152602531785644,-0.366081552871397,0.00347502618374426,-0.0523545843275325,-0.0513265255039876,0.00196379716225786
-0.0668081548088232,530.930291989227,-395.523674164458,70.2566061011741,-3.0173096687333,166.712129580428,-33.9770676460323,-235.815611247492
0.152602531785645,-395.523674164457,1246.91451473317,-978.842171301516,-0.575053564976109,-20.2601374874767,-143.07906722311,79.1672538691612
-0.366081552871398,70.2566061011726,-978.842171301513,2188.3760913141,-1.39314111440897,-324.006811258367,436.252033799738,-1005.876248489
0.00347502618374431,-3.01730966873324,-0.575053564976155,-1.393141114409,1.47588236376851,10.6433330591012,-7.02493564400256,-14.1121971323357
-0.0523545843275325,166.712129580428,-20.2601374874788,-324.00681125837,10.6433330591013,2139.29455365758,-1622.14603702414,-337.74883977706
-0.0513265255039897,-33.9770676460296,-143.079067223115,436.252033799749,-7.02493564400261,-1622.14603702413,4265.77114873307,-2974.59287534381
0.00196379716226014,-235.815611247496,79.1672538691693,-1005.87624848901,-14.1121971323357,-337.748839777081,-2974.59287534379,4931.10594641049
0.000318932060147634,-0.0312787716501778,0.11700417133098,-0.15795196155218,0.00541778944879999,-0.0217507536317587,0.00350035909003765,-0.393277625008337
-0.0312787716501777,420.301326790345,-440.777049936731,141.056139126263,-2.07868472157897,68.1706919080725,-5.68827864447339,-123.828338595722
0.11700417133098,-440.77704993673,1810.12120950462,-1185.75364928058,3.96339643576955,-107.613964987125,286.206713947034,-636.824206663258
-0.157951961552181,141.056139126262,-1185.75364928058,1790.37040569431,-0.334654394815471,-60.4215044165506,-201.923358360028,-318.147009665418
0.00541778944879999,-2.07868472157898,3.96339643576949,-0.334654394815406,1.17856259160253,-4.65102976317922,8.30857838968422,-22.7958287042492
-0.0217507536317583,68.1706919080708,-107.613964987119,-60.4215044165539,-4.6510297631792,1526.96546635667,-912.997944419086,-440.060954839104
0.0035003590900363,-5.68827864447139,286.206713947029,-201.923358360022,8.30857838968427,-912.997944419088,2649.09452190551,-2076.44095316073
-0.393277625008335,-123.828338595721,-636.824206663257,-318.147009665425,-22.7958287042493,-440.0609548391,-2076.44095316073,4728.13923757357
0.000382205429831219,0.0139839506356146,0.226392775074584,-0.127422872318687,0.00273266235919916,-0.00330081496707882,0.188313219817554,-0.878972868337752
0.013983950635615,561.580315730598,-627.210474126871,159.362641227239,1.13202750791598,-153.28899815789,-160.601345614996,216.030384114659
0.226392775074583,-627.21047412687,2299.44319519595,-1049.58452995988,8.05569090628466,-135.92634366232,981.865849412833,-2016.55715125861
-0.127422872318688,159.362641227238,-1049.58452995988,1648.64512607213,0.0474781035063431,243.192003420417,-358.656399706391,-592.295776357817
0.00273266235919914,1.13202750791599,8.05569090628459,0.0474781035062816,1.79476046506722,-6.18139766810394,10.3719404818203,-31.6327903958899
-0.00330081496707974,-153.28899815789,-135.926343662323,243.192003420423,-6.18139766810389,1422.92321799286,-820.370945844592,-558.59359258947
0.188313219817554,-160.601345614996,981.865849412837,-358.656399706396,10.3719404818205,-820.370945844586,3807.84901580971,-4077.96614638621
-0.87897286833775,216.030384114662,-2016.55715125861,-592.295776357818,-31.6327903958905,-558.593592589475,-4077.9661463862,9268.39714972065
0.000238475370181339,0.0157048220817514,0.0143742326643985,-0.121768143122626,-0.00275568425001029,-0.00243507012692134,0.137198964323114,-0.351095900167041
0.0157048220817517,299.633688320325,-238.118700985716,-40.4504166393496,-0.916608104653342,-68.5593748891185,143.616598294315,-119.347786805419
0.0143742326643982,-238.118700985717,1359.38570719274,-893.818062562894,6.04501299349786,100.493196698064,-280.621242706752,-118.866637294089
-0.121768143122627,-40.450416639348,-893.818062562897,1488.64210857225,-8.15002462813832,-86.7166722430842,-419.241351668179,152.287888104668
-0.00275568425001026,-0.916608104653225,6.04501299349753,-8.15002462813808,2.28132330464436,5.62050761324288,6.26408997149394,-21.8452899777332
-0.00243507012692233,-68.5593748891187,100.493196698061,-86.7166722430795,5.62050761324291,925.842489156452,-865.416680958144,-47.4812783235708
0.137198964323115,143.616598294315,-280.621242706754,-419.24135166818,6.26408997149396,-865.416680958143,5106.69499552171,-4159.70876859368
-0.35109590016704,-119.34778680542,-118.866637294079,152.28788810466,-21.8452899777332,-47.4812783235708,-4159.70876859368,5286.09873088033
0.000324388399552789,0.00051837797409647,0.0217465178991739,-0.0781911651291319,0.000135003762493011,0.0403494023563988,0.0831148307419063,-0.516505463922978
0.000518377974096564,448.815724362741,-411.809743240621,136.579230556243,5.43585684232073,-96.3837810220848,103.076007192305,-235.645766711231
0.0217465178991741,-411.809743240622,1545.2784705586,-846.398249065073,-7.28253774013978,-63.0509570637341,-41.6843271367359,-172.117392833087
-0.0781911651291322,136.579230556246,-846.398249065077,1438.37172163747,2.38730450255309,-46.5254151449885,-9.25125673398668,-690.744557947595
0.00013500376249304,5.43585684232072,-7.28253774013957,2.38730450255294,1.71763079307082,-0.211667569460395,8.68783074457968,-21.4479881073166
0.0403494023563982,-96.3837810220854,-63.0509570637346,-46.5254151449886,-0.211667569460428,910.650675014983,-601.150198880935,-135.805566238637
0.0831148307419081,103.076007192307,-41.6843271367363,-9.25125673398398,8.68783074457971,-601.150198880932,1928.45923855044,-1641.70508798783
-0.516505463922979,-235.645766711233,-172.117392833085,-690.744557947598,-21.4479881073165,-135.805566238642,-1641.70508798782,4003.92255403227
0.000281525116297834,0.0156809714081426,-0.000293614138825669,-0.201187165218265,0.00162177046911939,0.18335917761531,0.0447834840047732,-0.434191086189229
0.0156809714081427,647.410919354638,-392.466625758719,-105.789696708981,1.83306613236935,-275.218310198055,266.913249890548,-191.559781846877
-0.000293614138827259,-392.46662575872,1582.40455507732,-698.777700458083,-0.954138203390434,42.5819913285004,-106.054154599292,-445.535256873099
-0.201187165218265,-105.78969670898,-698.777700458084,1580.08910677892,-1.30664018049199,-291.259965569619,-702.625942379515,458.778405911569
0.00162177046911942,1.83306613236934,-0.95413820339048,-1.30664018049199,1.09693746777736,2.32676615581634,-5.15420944857943,-6.71947101905049
0.183359177615313,-275.218310198053,42.581991328507,-291.259965569628,2.32676615581617,3203.00232790097,-1540.76676134998,-1423.0780425524
0.0447834840047723,266.913249890544,-106.054154599278,-702.625942379518,-5.15420944857924,-1540.76676135,4468.73334432745,-2522.55148044662
-0.434191086189231,-191.559781846874,-445.53525687312,458.778405911581,-6.71947101905053,-1423.07804255238,-2522.55148044664,5028.63645259342
0.000230732248055218,-0.0210314368279339,-0.0313396928079297,-0.0511735205706382,-0.000484520031884796,0.125975164369153,0.143200110904892,-0.48150671817165
-0.0210314368279338,333.392864750207,-134.588417715965,-110.611056790563,-1.15046669221594,125.981642965728,-133.513276128678,-44.6522695993473
-0.0313396928079289,-134.588417715964,1564.6402997177,-980.875858648253,0.111635023197465,-389.968824808684,160.407586481134,-181.30776699955
-0.0511735205706396,-110.611056790562,-980.875858648258,1886.28695106671,-3.91869588545287,-281.070249873624,-186.526217083776,-296.962649159845
-0.000484520031884828,-1.15046669221597,0.11163502319746,-3.91869588545285,0.907266472329973,-0.129984754605214,2.25676508522119,-2.75986867346888
0.125975164369152,125.981642965727,-389.968824808679,-281.070249873625,-0.129984754605022,2416.58826105534,-609.382143845445,-1449.16092217288
0.143200110904891,-133.51327612868,160.40758648112,-186.526217083757,2.25676508522128,-609.382143845448,3088.66758887121,-2651.98645295664
-0.481506718171647,-44.652269599344,-181.307766999535,-296.96264915987,-2.75986867346924,-1449.16092217287,-2651.98645295664,5567.25220263272
0.000229890765945358,-0.0533943982887685,-0.230639334901468,0.0413557857529032,-0.000455177230424458,0.0802104919293351,0.152677920504089,-0.289401097750785
-0.0533943982887686,460.047455553814,-404.60929297265,-47.8048885668988,-0.900805306120302,0.912412120983579,274.34698340045,-220.067466106914
-0.230639334901467,-404.609292972649,2806.83355591541,-1473.68002397027,-4.05824309022615,-193.098579147566,-495.047214731606,68.9485341342404
0.0413557857529026,-47.8048885668992,-1473.68002397027,1753.52027468416,6.33185066607244,-179.8768899276,-738.861696526612,616.51083173839
-0.000455177230424422,-0.900805306120236,-4.05824309022648,6.33185066607261,0.885736369677039,-0.453418515551314,-0.854034400018792,-5.45493426360564
0.0802104919293357,0.912412120984285,-193.098579147569,-179.876889927601,-0.453418515551301,1396.22117413256,60.2348342556227,-1224.43031786386
0.152677920504085,274.346983400445,-495.047214731628,-738.861696526587,-0.854034400018812,60.2348342556079,6195.18584479162,-5722.28549273066
-0.289401097750782,-220.067466106911,68.9485341342695,616.510831738364,-5.45493426360569,-1224.43031786385,-5722.28549273069,7226.36417168826
0.000488878914539974,-0.0431209126948411,-0.0356052189792938,-0.0280679408312769,0.00343897092941482,0.136181743400486,0.210101952242962,-0.91536667279523
-0.0431209126948409,615.288271890843,-406.768135531946,165.624206585265,-5.29080535760935,26.2740054326824,251.610862773807,-639.12905412756
-0.035605218979296,-406.768135531944,2319.57846852085,-1374.81938379361,2.93100643666523,-232.721962148123,-179.089599835616,-143.342452517767
-0.0280679408312748,165.624206585263,-1374.81938379361,1866.67517504837,1.12642491111354,97.2664062914065,-556.660538056546,-283.473888643807
0.00343897092941477,-5.29080535760943,2.93100643666545,1.12642491111337,1.8189048836214,1.22973448126615,-6.12028323162087,-10.1595258431219
0.136181743400486,26.2740054326823,-232.721962148122,97.2664062914043,1.22973448126629,1408.77602818419,-1077.92137566684,-423.040311791621
0.21010195224296,251.610862773801,-179.089599835594,-556.660538056557,-6.12028323162078,-1077.92137566683,9225.5227053204,-8128.30715985273
-0.915366672795228,-639.129054127552,-143.342452517796,-283.47388864379,-10.1595258431223,-423.040311791631,-8128.30715985272,11474.7978675647
0.00030859102690592,-0.0128888514070547,0.197698323362384,-0.135331269138033,8.26212335931911e-05,0.062446538844117,0.215729985580581,-0.759893434891618
-0.0128888514070535,645.62624293764,-639.693909665912,-43.8045520449599,3.84045295572071,150.027401404486,-207.244437359584,100.538131668964
0.197698323362381,-639.693909665913,1990.22852034066,-777.468239775469,-7.02841349281455,-25.3861856570194,282.101095093567,-1122.64833978701
-0.135331269138032,-43.8045520449612,-777.468239775466,1282.6655375151,-0.494357625143495,-28.0407241545138,-30.5922222347904,-291.879019445632
8.26212335931865e-05,3.84045295572083,-7.02841349281493,-0.494357625143227,1.64571923204511,5.33574671867198,1.2764778838801,-13.866751375202
0.0624465388441158,150.027401404487,-25.386185657025,-28.0407241545093,5.33574671867195,986.613581273434,-1025.96434587344,-230.654967097398
0.215729985580583,-207.244437359591,282.101095093585,-30.5922222347995,1.2764778838799,-1025.96434587343,4082.18345096784,-3503.67818918292
-0.759893434891618,100.538131668973,-1122.64833978702,-291.879019445626,-13.8667513752017,-230.654967097406,-3503.67818918291,6546.82625102954
0.000228878252386562,0.0154973841025311,0.0459019745207255,-0.0584067986809029,-0.00296112767425872,0.0717068499274106,0.173997285450457,-0.539519797203372
0.0154973841025312,356.054486348242,-344.994200765078,24.7768080876305,-4.76575747764988,-151.054971587671,29.1080850009258,96.2929072283555
0.0459019745207249,-344.994200765078,1468.40041832169,-782.277801026188,-1.26620446947233,-244.84645567767,8.77335824883369,-166.809750774498
-0.0584067986809023,24.7768080876308,-782.27780102619,1326.71512818662,4.4929835503367,-221.407831022797,-13.9848324681821,-368.18082207892
-0.0029611276742587,-4.76575747764982,-1.26620446947242,4.49298355033674,2.18458668925855,9.06939877356946,-6.074084920474,-11.7097185417189
0.0717068499274107,-151.054971587671,-244.846455677671,-221.407831022794,9.06939877356948,2210.95666547657,-1143.16927312172,-590.501600430649
0.173997285450457,29.1080850009275,8.77335824883851,-13.9848324681905,-6.07408492047401,-1143.16927312173,3192.55620579938,-2363.50563134747
-0.539519797203372,96.2929072283534,-166.8097507745,-368.180822078914,-11.7097185417189,-590.501600430638,-2363.50563134748,4428.37691514208
0.000420980894325949,-0.0485539868004952,-0.0215130288082639,-0.0078771928382789,0.00362482444643728,0.0614210924447323,0.120427246727465,-0.66915143059136
-0.0485539868004958,398.054381297878,-227.533279891115,-123.716667528457,-0.437295868995936,-71.442276864655,45.2790410309671,43.4007492626805
-0.0215130288082621,-227.533279891114,1903.69009623658,-1279.26400409562,2.59832608113772,222.72443159834,-398.440009285013,-244.371554005278
-0.0078771928382793,-123.716667528458,-1279.26400409562,1940.5772497696,-5.62021427601407,-225.517080730664,219.144104615281,-561.883785913445
0.00362482444643727,-0.437295868996014,2.59832608113764,-5.62021427601385,1.56513215585702,5.47014281308857,-0.976042441046472,-15.8729114433118
0.0614210924447329,-71.442276864655,222.724431598344,-225.517080730667,5.47014281308857,1552.33083924241,-1099.80099944518,-535.553595031871
0.120427246727464,45.279041030971,-398.440009285027,219.144104615289,-0.976042441046438,-1099.80099944518,3988.28171228806,-3027.34538411544
-0.66915143059136,43.4007492626756,-244.371554005263,-561.883785913453,-15.8729114433118,-535.553595031866,-3027.34538411545,5640.11080760564
0.000317979282553008,0.0562016174906746,-0.149436283434314,0.0442283858332846,-0.000948946080770921,0.0713954533069638,-0.0257726860414088,-0.385026735640549
0.0562016174906744,612.033734355024,-504.338065801435,8.9018401156332,-1.19468803435362,49.1809936087797,148.059043327255,-402.011570777482
-0.149436283434312,-504.338065801434,1685.2872984706,-1042.88339443212,-2.57973738689383,122.888357772291,-428.005046221251,382.944349323032
0.0442283858332832,8.90184011563257,-1042.88339443212,1450.06316808858,1.35971755441791,-187.128479770907,331.538512647456,-688.240021837628
-0.000948946080770944,-1.1946880343536,-2.57973738689379,1.35971755441786,2.08390868960859,-8.18330204990419,-2.25037733341714,2.12680336762487
0.0713954533069648,49.1809936087803,122.888357772294,-187.12847977091,-8.18330204990423,1110.99083798479,-1122.95787951014,-25.0477904175129
-0.0257726860414101,148.059043327257,-428.005046221279,331.538512647481,-2.25037733341685,-1122.95787951014,4987.6020139278,-4127.19350112022
-0.385026735640549,-402.011570777485,382.944349323063,-688.240021837655,2.12680336762458,-25.04779041751,-4127.19350112022,5735.07205971753
0.000217292782687935,0.019879739746543,-0.0460742978711075,-0.127434495067737,-0.000462898418510784,-0.00778754407605044,0.0397731822642923,-0.14127451715184
0.0198797397465425,525.419505776714,-426.869653216625,-65.7950469879017,0.867568149742473,24.9380273277743,140.509290888051,-241.888835076536
-0.0460742978711055,-426.869653216624,1858.40314104394,-892.507107854573,-2.87089443006209,-185.910513505077,-303.231078438198,34.5814666321911
-0.127434495067738,-65.7950469879024,-892.507107854574,1313.13499253032,1.72334281981249,0.222575929708512,-115.227597866958,-140.027299970721
-0.000462898418510775,0.867568149742612,-2.87089443006232,1.72334281981261,1.56578620165667,2.34552717274765,-0.830688425249644,-10.8785641132887
-0.00778754407605043,24.938027327776,-185.91051350508,0.222575929709783,2.34552717274765,955.784402206015,-669.726007720693,-127.773506608316
0.0397731822642916,140.509290888051,-303.231078438202,-115.227597866954,-0.830688425249764,-669.726007720697,3306.11794512038,-2552.79589605018
-0.14127451715184,-241.88883507654,34.5814666322041,-140.027299970731,-10.8785641132885,-127.773506608313,-2552.79589605019,3517.63212463386
0.00043880119141207,-0.0536210572596144,-0.38540985931817,0.125257470365754,-7.01542855759809e-07,0.116734700856971,-0.0261269001094966,-0.279384157465409
-0.0536210572596138,541.435419294825,-436.429651565906,77.288489490087,-5.2427285226837,-59.862880306304,-47.887229069376,0.181787199679933
-0.385409859318171,-436.429651565908,2610.57994854629,-1592.84221256031,8.17817978719473,-197.083185594164,81.2238406806656,-85.6917883222196
0.125257470365754,77.2884894900895,-1592.84221256031,1785.45966465965,-13.3554016773849,7.61720994203759,-73.6415792909129,-360.830610576107
-7.01542855734751e-07,-5.24272852268367,8.17817978719468,-13.3554016773849,2.22673560930027,2.75366489025101,6.52377603208306,-10.315089257091
0.116734700856969,-59.8628803063045,-197.08318559416,7.61720994203328,2.75366489025106,1178.0598985194,-975.467318531082,-88.1218481555251
-0.0261269001094946,-47.8872290693746,81.2238406806473,-73.6415792908944,6.52377603208273,-975.467318531078,4067.91267017202,-3218.89624617371
-0.279384157465409,0.181787199678718,-85.6917883222019,-360.830610576124,-10.3150892570907,-88.1218481555313,-3218.8962461737,4461.1307726016
0.000350471077674067,0.0319993325265833,-0.180565574725265,-0.0742577777021386,-0.00323081772591887,-0.124637764672548,0.0304994978371899,-0.054491755736127
0.0319993325265832,494.248526607777,-619.131427749564,114.467137620007,-1.28492992471359,-73.9345408874471,77.9300994883831,-21.3677434304524
-0.180565574725265,-619.131427749564,2244.15843265338,-1215.9493453398,2.90456962933131,227.437625482001,-262.688525236235,-209.80444122806
-0.0742577777021376,114.467137620007,-1215.9493453398,1653.41557737366,-14.5119507450834,-409.866862030135,110.288652442591,-110.881783355424
-0.00323081772591892,-1.28492992471368,2.90456962933151,-14.5119507450834,2.09559826236237,22.7456964467186,-13.6532836308271,-5.42004797141385
-0.124637764672548,-73.9345408874486,227.437625482003,-409.866862030138,22.7456964467186,1339.50772643916,-1105.76116296825,-16.5459804046653
0.0304994978371887,77.9300994883859,-262.68852523624,110.288652442595,-13.6532836308269,-1105.76116296825,3082.55035636612,-1906.71849946265
-0.0544917557361262,-21.3677434304533,-209.804441228059,-110.881783355424,-5.42004797141394,-16.5459804046703,-1906.71849946265,2553.24199354465
0.000578268825763004,0.1302901123868,-0.234843069497321,-0.0809171152420299,-0.00885817480374688,-0.120483089597785,0.313899136866275,-0.640589862166937
0.1302901123868,900.705215953358,-1209.09385281691,654.490291004005,1.66807622264128,-22.9443507690594,146.796892124151,-724.645387133709
-0.23484306949732,-1209.09385281692,3359.06913290896,-2355.92008047049,-9.08376806860785,22.3568499818115,-697.876862317386,1351.18818838983
-0.0809171152420322,654.490291004006,-2355.92008047049,2459.71198284441,6.99913289908063,-54.4734246562063,175.077087633858,-1000.39506666938
-0.00885817480374686,1.66807622264138,-9.08376806860766,6.99913289908034,6.70880385965792,5.47608124167328,-57.3690479842868,25.6591028509612
-0.120483089597782,-22.9443507690553,22.3568499818008,-54.4734246562008,5.47608124167291,1829.97964866461,-2522.92773113727,874.410220364101
0.313899136866267,146.796892124137,-697.876862317354,175.077087633845,-57.3690479842855,-2522.92773113728,9758.83647302123,-7279.9863691828
-0.640589862166932,-724.6453871337,1351.18818838981,-1000.39506666937,25.65910285096,874.410220364111,-7279.98636918281,7968.19440550789
0.000382070245430385,0.0349566076307798,-0.121055852660135,-0.133916172240851,-0.00537221479114292,-0.153001618514544,0.254337922713062,-0.261470540435934
0.0349566076307798,731.573826176594,-620.914445632473,-126.713460171088,7.98550723992943,-232.585342789147,131.63801816895,60.7672633589392
-0.121055852660136,-620.914445632473,1870.16414865516,-947.730064666325,7.63596511940242,327.124886450564,-100.988297992066,-536.899454602229
-0.13391617224085,-126.713460171089,-947.730064666325,1904.40987559602,-26.739282464467,-265.840470315594,-464.663228906589,96.3511434395777
-0.00537221479114288,7.98550723992941,7.63596511940272,-26.7392824644673,3.28420317076876,-2.45695182456434,31.6108117264187,-29.8874594695844
-0.153001618514545,-232.585342789146,327.12488645056,-265.840470315594,-2.45695182456436,1380.4793461677,-1695.03718630994,690.736647003088
0.254337922713066,131.638018168948,-100.98829799205,-464.663228906599,31.6108117264187,-1695.03718630994,5572.32719853204,-4064.27887633641
-0.261470540435938,60.7672633589395,-536.899454602243,96.3511434395907,-29.8874594695844,690.736647003086,-4064.2788763364,4606.35284613057
0.000584856146447247,-0.0332651090261302,-0.673848255650226,0.181572464025157,0.00251695559199914,-0.0517447948936147,0.332249743822216,-0.385174177603058
-0.0332651090261301,766.088477582487,-878.431981613981,163.595389132045,-7.96635341013453,48.3942114283184,-79.8319250681829,43.8562905373793
-0.67384825565023,-878.431981613981,5612.15218002412,-2896.00542116163,3.77938678865777,-486.084671903688,-298.528185025468,-466.079100287885
0.18157246402516,163.595389132044,-2896.00542116163,2620.22532936734,0.182473265969682,-15.2227254052568,149.103835472876,-296.875948889165
0.00251695559199902,-7.96635341013441,3.77938678865769,0.182473265969713,2.37669435680143,-8.20000234027077,2.64094797026594,-5.27306348564872
-0.0517447948936159,48.3942114283146,-486.084671903678,-15.222725405261,-8.20000234027085,2065.99391581045,-2234.26670928139,732.72416158402
0.332249743822218,-79.8319250681787,-298.528185025473,149.103835472874,2.64094797026604,-2234.26670928137,5552.52590164738,-3643.50581275102
-0.385174177603057,43.8562905373792,-466.079100287895,-296.875948889154,-5.27306348564883,732.724161584007,-3643.50581275101,4544.06207557364
0.000953368762423905,-0.194771655609438,-0.333277545382437,-0.11398823190285,-0.00392959234231364,-0.0223621496663535,0.0738678128029295,-0.207727376437948
-0.194771655609438,732.609831047623,-478.799389580651,-40.2358291916482,-6.4249044259622,37.0254518284092,-70.8335965459241,-2.74495433313316
-0.333277545382438,-478.799389580647,2480.33203509136,-1405.39667726104,-3.82960648950998,35.9051763740273,-611.333999752807,216.273524129119
-0.113988231902849,-40.2358291916513,-1405.39667726104,2254.77712118776,-5.76720155375514,-263.89744422366,-196.97144041402,-505.783418905011
-0.00392959234231364,-6.42490442596224,-3.82960648950988,-5.76720155375523,4.46106001816035,-15.2641820218113,37.8727624133947,-22.3884524495499
-0.0223621496663526,37.025451828408,35.9051763740216,-263.897444223655,-15.2641820218113,1743.77197153517,-1960.44586674865,553.64939205169
0.0738678128029269,-70.8335965459184,-611.333999752806,-196.971440414027,37.8727624133947,-1960.44586674865,6775.64795951652,-4257.13677909159
-0.207727376437946,-2.74495433313805,216.273524129124,-505.783418905008,-22.38845244955,553.649392051693,-4257.1367790916,4879.95441318552
